AccountId,AccountNumber,CustomerId,AccountType,AccountStatus,CreatedDate,ClosedDate,Balance,Currency,Description,CreatedBy
ACCT-SNOW-CID-001,ACC-CID-001-SNOW,CID-001,Receivable,Active,2020-01-01,,0.0,USD,Accounts Receivable for Customer CID-001 - Snow Channel,SampleGen
ACCT-SNOW-CID-002,ACC-CID-002-SNOW,CID-002,Receivable,Active,2020-01-01,,0.0,USD,Accounts Receivable for Customer CID-002 - Snow Channel,SampleGen
ACCT-SNOW-CID-003,ACC-CID-003-SNOW,CID-003,Receivable,Active,2020-01-01,,0.0,USD,Accounts Receivable for Customer CID-003 - Snow Channel,SampleGen
ACCT-SNOW-CID-004,ACC-CID-004-SNOW,CID-004,Receivable,Active,2020-01-01,,0.0,USD,Accounts Receivable for Customer CID-004 - Snow Channel,SampleGen
ACCT-SNOW-CID-005,ACC-CID-005-SNOW,CID-005,Receivable,Active,2020-01-01,,0.0,USD,Accounts Receivable for Customer CID-005 - Snow Channel,SampleGen
ACCT-SNOW-CID-006,ACC-CID-006-SNOW,CID-006,Receivable,Active,2020-01-01,,0.0,USD,Accounts Receivable for Customer CID-006 - Snow Channel,SampleGen
ACCT-SNOW-CID-007,ACC-CID-007-SNOW,CID-007,Receivable,Active,2020-01-01,,0.0,USD,Accounts Receivable for Customer CID-007 - Snow Channel,SampleGen
ACCT-SNOW-CID-008,ACC-CID-008-SNOW,CID-008,Receivable,Active,2020-01-01,,0.0,USD,Accounts Receivable for Customer CID-008 - Snow Channel,SampleGen
ACCT-SNOW-CID-009,ACC-CID-009-SNOW,CID-009,Receivable,Active,2020-01-01,,0.0,USD,Accounts Receivable for Customer CID-009 - Snow Channel,SampleGen
ACCT-SNOW-CID-010,ACC-CID-010-SNOW,CID-010,Receivable,Active,2020-01-01,,0.0,USD,Accounts Receivable for Customer CID-010 - Snow Channel,SampleGen
ACCT-SNOW-CID-011,ACC-CID-011-SNOW,CID-011,Receivable,Active,2020-01-01,,0.0,USD,Accounts Receivable for Customer CID-011 - Snow Channel,SampleGen
ACCT-SNOW-CID-012,ACC-CID-012-SNOW,CID-012,Receivable,Active,2020-01-01,,0.0,USD,Accounts Receivable for Customer CID-012 - Snow Channel,SampleGen
ACCT-SNOW-CID-013,ACC-CID-013-SNOW,CID-013,Receivable,Active,2020-01-01,,0.0,USD,Accounts Receivable for Customer CID-013 - Snow Channel,SampleGen
ACCT-SNOW-CID-014,ACC-CID-014-SNOW,CID-014,Receivable,Active,2020-01-01,,0.0,USD,Accounts Receivable for Customer CID-014 - Snow Channel,SampleGen
ACCT-SNOW-CID-015,ACC-CID-015-SNOW,CID-015,Receivable,Active,2020-01-01,,0.0,USD,Accounts Receivable for Customer CID-015 - Snow Channel,SampleGen
ACCT-SNOW-CID-016,ACC-CID-016-SNOW,CID-016,Receivable,Active,2020-01-01,,0.0,USD,Accounts Receivable for Customer CID-016 - Snow Channel,SampleGen
ACCT-SNOW-CID-017,ACC-CID-017-SNOW,CID-017,Receivable,Active,2020-01-01,,0.0,USD,Accounts Receivable for Customer CID-017 - Snow Channel,SampleGen
ACCT-SNOW-CID-018,ACC-CID-018-SNOW,CID-018,Receivable,Active,2020-01-01,,0.0,USD,Accounts Receivable for Customer CID-018 - Snow Channel,SampleGen
ACCT-SNOW-CID-019,ACC-CID-019-SNOW,CID-019,Receivable,Active,2020-01-01,,0.0,USD,Accounts Receivable for Customer CID-019 - Snow Channel,SampleGen
ACCT-SNOW-CID-020,ACC-CID-020-SNOW,CID-020,Receivable,Active,2020-01-01,,0.0,USD,Accounts Receivable for Customer CID-020 - Snow Channel,SampleGen
ACCT-SNOW-CID-021,ACC-CID-021-SNOW,CID-021,Receivable,Active,2020-01-01,,0.0,USD,Accounts Receivable for Customer CID-021 - Snow Channel,SampleGen
ACCT-SNOW-CID-022,ACC-CID-022-SNOW,CID-022,Receivable,Active,2020-01-01,,0.0,USD,Accounts Receivable for Customer CID-022 - Snow Channel,SampleGen
ACCT-SNOW-CID-023,ACC-CID-023-SNOW,CID-023,Receivable,Active,2020-01-01,,0.0,USD,Accounts Receivable for Customer CID-023 - Snow Channel,SampleGen
ACCT-SNOW-CID-024,ACC-CID-024-SNOW,CID-024,Receivable,Active,2020-01-01,,0.0,USD,Accounts Receivable for Customer CID-024 - Snow Channel,SampleGen
ACCT-SNOW-CID-025,ACC-CID-025-SNOW,CID-025,Receivable,Active,2020-01-01,,0.0,USD,Accounts Receivable for Customer CID-025 - Snow Channel,SampleGen
ACCT-SNOW-CID-026,ACC-CID-026-SNOW,CID-026,Receivable,Active,2020-01-01,,0.0,USD,Accounts Receivable for Customer CID-026 - Snow Channel,SampleGen
ACCT-SNOW-CID-027,ACC-CID-027-SNOW,CID-027,Receivable,Active,2020-01-01,,0.0,USD,Accounts Receivable for Customer CID-027 - Snow Channel,SampleGen
ACCT-SNOW-CID-028,ACC-CID-028-SNOW,CID-028,Receivable,Active,2020-01-01,,0.0,USD,Accounts Receivable for Customer CID-028 - Snow Channel,SampleGen
ACCT-SNOW-CID-029,ACC-CID-029-SNOW,CID-029,Receivable,Active,2020-01-01,,0.0,USD,Accounts Receivable for Customer CID-029 - Snow Channel,SampleGen
ACCT-SNOW-CID-030,ACC-CID-030-SNOW,CID-030,Receivable,Active,2020-01-01,,0.0,USD,Accounts Receivable for Customer CID-030 - Snow Channel,SampleGen
ACCT-SNOW-CID-031,ACC-CID-031-SNOW,CID-031,Receivable,Active,2020-01-01,,0.0,USD,Accounts Receivable for Customer CID-031 - Snow Channel,SampleGen
ACCT-SNOW-CID-032,ACC-CID-032-SNOW,CID-032,Receivable,Active,2020-01-01,,0.0,USD,Accounts Receivable for Customer CID-032 - Snow Channel,SampleGen
ACCT-SNOW-CID-033,ACC-CID-033-SNOW,CID-033,Receivable,Active,2020-01-01,,0.0,USD,Accounts Receivable for Customer CID-033 - Snow Channel,SampleGen
ACCT-SNOW-CID-034,ACC-CID-034-SNOW,CID-034,Receivable,Active,2020-01-01,,0.0,USD,Accounts Receivable for Customer CID-034 - Snow Channel,SampleGen
ACCT-SNOW-CID-035,ACC-CID-035-SNOW,CID-035,Receivable,Active,2020-01-01,,0.0,USD,Accounts Receivable for Customer CID-035 - Snow Channel,SampleGen
ACCT-SNOW-CID-036,ACC-CID-036-SNOW,CID-036,Receivable,Active,2020-01-01,,0.0,USD,Accounts Receivable for Customer CID-036 - Snow Channel,SampleGen
ACCT-SNOW-CID-037,ACC-CID-037-SNOW,CID-037,Receivable,Active,2020-01-01,,0.0,USD,Accounts Receivable for Customer CID-037 - Snow Channel,SampleGen
ACCT-SNOW-CID-038,ACC-CID-038-SNOW,CID-038,Receivable,Active,2020-01-01,,0.0,USD,Accounts Receivable for Customer CID-038 - Snow Channel,SampleGen
ACCT-SNOW-CID-039,ACC-CID-039-SNOW,CID-039,Receivable,Active,2020-01-01,,0.0,USD,Accounts Receivable for Customer CID-039 - Snow Channel,SampleGen
ACCT-SNOW-CID-040,ACC-CID-040-SNOW,CID-040,Receivable,Active,2020-01-01,,0.0,USD,Accounts Receivable for Customer CID-040 - Snow Channel,SampleGen
ACCT-SNOW-CID-041,ACC-CID-041-SNOW,CID-041,Receivable,Active,2020-01-01,,0.0,USD,Accounts Receivable for Customer CID-041 - Snow Channel,SampleGen
ACCT-SNOW-CID-042,ACC-CID-042-SNOW,CID-042,Receivable,Active,2020-01-01,,0.0,USD,Accounts Receivable for Customer CID-042 - Snow Channel,SampleGen
ACCT-SNOW-CID-043,ACC-CID-043-SNOW,CID-043,Receivable,Active,2020-01-01,,0.0,USD,Accounts Receivable for Customer CID-043 - Snow Channel,SampleGen
ACCT-SNOW-CID-044,ACC-CID-044-SNOW,CID-044,Receivable,Active,2020-01-01,,0.0,USD,Accounts Receivable for Customer CID-044 - Snow Channel,SampleGen
ACCT-SNOW-CID-045,ACC-CID-045-SNOW,CID-045,Receivable,Active,2020-01-01,,0.0,USD,Accounts Receivable for Customer CID-045 - Snow Channel,SampleGen
ACCT-SNOW-CID-046,ACC-CID-046-SNOW,CID-046,Receivable,Active,2020-01-01,,0.0,USD,Accounts Receivable for Customer CID-046 - Snow Channel,SampleGen
ACCT-SNOW-CID-047,ACC-CID-047-SNOW,CID-047,Receivable,Active,2020-01-01,,0.0,USD,Accounts Receivable for Customer CID-047 - Snow Channel,SampleGen
ACCT-SNOW-CID-048,ACC-CID-048-SNOW,CID-048,Receivable,Active,2020-01-01,,0.0,USD,Accounts Receivable for Customer CID-048 - Snow Channel,SampleGen
ACCT-SNOW-CID-049,ACC-CID-049-SNOW,CID-049,Receivable,Active,2020-01-01,,0.0,USD,Accounts Receivable for Customer CID-049 - Snow Channel,SampleGen
ACCT-SNOW-CID-050,ACC-CID-050-SNOW,CID-050,Receivable,Active,2020-01-01,,0.0,USD,Accounts Receivable for Customer CID-050 - Snow Channel,SampleGen
ACCT-SNOW-CID-051,ACC-CID-051-SNOW,CID-051,Receivable,Active,2020-01-01,,0.0,USD,Accounts Receivable for Customer CID-051 - Snow Channel,SampleGen
ACCT-SNOW-CID-052,ACC-CID-052-SNOW,CID-052,Receivable,Active,2020-01-01,,0.0,USD,Accounts Receivable for Customer CID-052 - Snow Channel,SampleGen
ACCT-SNOW-CID-053,ACC-CID-053-SNOW,CID-053,Receivable,Active,2020-01-01,,0.0,USD,Accounts Receivable for Customer CID-053 - Snow Channel,SampleGen
ACCT-SNOW-CID-054,ACC-CID-054-SNOW,CID-054,Receivable,Active,2020-01-01,,0.0,USD,Accounts Receivable for Customer CID-054 - Snow Channel,SampleGen
ACCT-SNOW-CID-055,ACC-CID-055-SNOW,CID-055,Receivable,Active,2020-01-01,,0.0,USD,Accounts Receivable for Customer CID-055 - Snow Channel,SampleGen
ACCT-SNOW-CID-056,ACC-CID-056-SNOW,CID-056,Receivable,Active,2020-01-01,,0.0,USD,Accounts Receivable for Customer CID-056 - Snow Channel,SampleGen
ACCT-SNOW-CID-057,ACC-CID-057-SNOW,CID-057,Receivable,Active,2020-01-01,,0.0,USD,Accounts Receivable for Customer CID-057 - Snow Channel,SampleGen
ACCT-SNOW-CID-058,ACC-CID-058-SNOW,CID-058,Receivable,Active,2020-01-01,,0.0,USD,Accounts Receivable for Customer CID-058 - Snow Channel,SampleGen
ACCT-SNOW-CID-059,ACC-CID-059-SNOW,CID-059,Receivable,Active,2020-01-01,,0.0,USD,Accounts Receivable for Customer CID-059 - Snow Channel,SampleGen
ACCT-SNOW-CID-060,ACC-CID-060-SNOW,CID-060,Receivable,Active,2020-01-01,,0.0,USD,Accounts Receivable for Customer CID-060 - Snow Channel,SampleGen
ACCT-SNOW-CID-061,ACC-CID-061-SNOW,CID-061,Receivable,Active,2020-01-01,,0.0,USD,Accounts Receivable for Customer CID-061 - Snow Channel,SampleGen
ACCT-SNOW-CID-062,ACC-CID-062-SNOW,CID-062,Receivable,Active,2020-01-01,,0.0,USD,Accounts Receivable for Customer CID-062 - Snow Channel,SampleGen
ACCT-SNOW-CID-063,ACC-CID-063-SNOW,CID-063,Receivable,Active,2020-01-01,,0.0,USD,Accounts Receivable for Customer CID-063 - Snow Channel,SampleGen
ACCT-SNOW-CID-064,ACC-CID-064-SNOW,CID-064,Receivable,Active,2020-01-01,,0.0,USD,Accounts Receivable for Customer CID-064 - Snow Channel,SampleGen
ACCT-SNOW-CID-065,ACC-CID-065-SNOW,CID-065,Receivable,Active,2020-01-01,,0.0,USD,Accounts Receivable for Customer CID-065 - Snow Channel,SampleGen
ACCT-SNOW-CID-066,ACC-CID-066-SNOW,CID-066,Receivable,Active,2020-01-01,,0.0,USD,Accounts Receivable for Customer CID-066 - Snow Channel,SampleGen
ACCT-SNOW-CID-067,ACC-CID-067-SNOW,CID-067,Receivable,Active,2020-01-01,,0.0,USD,Accounts Receivable for Customer CID-067 - Snow Channel,SampleGen
ACCT-SNOW-CID-068,ACC-CID-068-SNOW,CID-068,Receivable,Active,2020-01-01,,0.0,USD,Accounts Receivable for Customer CID-068 - Snow Channel,SampleGen
ACCT-SNOW-CID-069,ACC-CID-069-SNOW,CID-069,Receivable,Active,2020-01-01,,0.0,USD,Accounts Receivable for Customer CID-069 - Snow Channel,SampleGen
ACCT-SNOW-CID-070,ACC-CID-070-SNOW,CID-070,Receivable,Active,2020-01-01,,0.0,USD,Accounts Receivable for Customer CID-070 - Snow Channel,SampleGen
ACCT-SNOW-CID-071,ACC-CID-071-SNOW,CID-071,Receivable,Active,2020-01-01,,0.0,USD,Accounts Receivable for Customer CID-071 - Snow Channel,SampleGen
ACCT-SNOW-CID-072,ACC-CID-072-SNOW,CID-072,Receivable,Active,2020-01-01,,0.0,USD,Accounts Receivable for Customer CID-072 - Snow Channel,SampleGen
ACCT-SNOW-CID-073,ACC-CID-073-SNOW,CID-073,Receivable,Active,2020-01-01,,0.0,USD,Accounts Receivable for Customer CID-073 - Snow Channel,SampleGen
ACCT-SNOW-CID-074,ACC-CID-074-SNOW,CID-074,Receivable,Active,2020-01-01,,0.0,USD,Accounts Receivable for Customer CID-074 - Snow Channel,SampleGen
ACCT-SNOW-CID-075,ACC-CID-075-SNOW,CID-075,Receivable,Active,2020-01-01,,0.0,USD,Accounts Receivable for Customer CID-075 - Snow Channel,SampleGen
ACCT-SNOW-CID-076,ACC-CID-076-SNOW,CID-076,Receivable,Active,2020-01-01,,0.0,USD,Accounts Receivable for Customer CID-076 - Snow Channel,SampleGen
ACCT-SNOW-CID-077,ACC-CID-077-SNOW,CID-077,Receivable,Active,2020-01-01,,0.0,USD,Accounts Receivable for Customer CID-077 - Snow Channel,SampleGen
ACCT-SNOW-CID-078,ACC-CID-078-SNOW,CID-078,Receivable,Active,2020-01-01,,0.0,USD,Accounts Receivable for Customer CID-078 - Snow Channel,SampleGen
ACCT-SNOW-CID-079,ACC-CID-079-SNOW,CID-079,Receivable,Active,2020-01-01,,0.0,USD,Accounts Receivable for Customer CID-079 - Snow Channel,SampleGen
ACCT-SNOW-CID-080,ACC-CID-080-SNOW,CID-080,Receivable,Active,2020-01-01,,0.0,USD,Accounts Receivable for Customer CID-080 - Snow Channel,SampleGen
ACCT-SNOW-CID-081,ACC-CID-081-SNOW,CID-081,Receivable,Active,2020-01-01,,0.0,USD,Accounts Receivable for Customer CID-081 - Snow Channel,SampleGen
ACCT-SNOW-CID-082,ACC-CID-082-SNOW,CID-082,Receivable,Active,2020-01-01,,0.0,USD,Accounts Receivable for Customer CID-082 - Snow Channel,SampleGen
ACCT-SNOW-CID-083,ACC-CID-083-SNOW,CID-083,Receivable,Active,2020-01-01,,0.0,USD,Accounts Receivable for Customer CID-083 - Snow Channel,SampleGen
ACCT-SNOW-CID-084,ACC-CID-084-SNOW,CID-084,Receivable,Active,2020-01-01,,0.0,USD,Accounts Receivable for Customer CID-084 - Snow Channel,SampleGen
ACCT-SNOW-CID-085,ACC-CID-085-SNOW,CID-085,Receivable,Active,2020-01-01,,0.0,USD,Accounts Receivable for Customer CID-085 - Snow Channel,SampleGen
ACCT-SNOW-CID-086,ACC-CID-086-SNOW,CID-086,Receivable,Active,2020-01-01,,0.0,USD,Accounts Receivable for Customer CID-086 - Snow Channel,SampleGen
ACCT-SNOW-CID-087,ACC-CID-087-SNOW,CID-087,Receivable,Active,2020-01-01,,0.0,USD,Accounts Receivable for Customer CID-087 - Snow Channel,SampleGen
ACCT-SNOW-CID-088,ACC-CID-088-SNOW,CID-088,Receivable,Active,2020-01-01,,0.0,USD,Accounts Receivable for Customer CID-088 - Snow Channel,SampleGen
ACCT-SNOW-CID-089,ACC-CID-089-SNOW,CID-089,Receivable,Active,2020-01-01,,0.0,USD,Accounts Receivable for Customer CID-089 - Snow Channel,SampleGen
ACCT-SNOW-CID-090,ACC-CID-090-SNOW,CID-090,Receivable,Active,2020-01-01,,0.0,USD,Accounts Receivable for Customer CID-090 - Snow Channel,SampleGen
ACCT-SNOW-CID-091,ACC-CID-091-SNOW,CID-091,Receivable,Active,2020-01-01,,0.0,USD,Accounts Receivable for Customer CID-091 - Snow Channel,SampleGen
ACCT-SNOW-CID-092,ACC-CID-092-SNOW,CID-092,Receivable,Active,2020-01-01,,0.0,USD,Accounts Receivable for Customer CID-092 - Snow Channel,SampleGen
ACCT-SNOW-CID-093,ACC-CID-093-SNOW,CID-093,Receivable,Active,2020-01-01,,0.0,USD,Accounts Receivable for Customer CID-093 - Snow Channel,SampleGen
ACCT-SNOW-CID-094,ACC-CID-094-SNOW,CID-094,Receivable,Active,2020-01-01,,0.0,USD,Accounts Receivable for Customer CID-094 - Snow Channel,SampleGen
ACCT-SNOW-CID-095,ACC-CID-095-SNOW,CID-095,Receivable,Active,2020-01-01,,0.0,USD,Accounts Receivable for Customer CID-095 - Snow Channel,SampleGen
ACCT-SNOW-CID-096,ACC-CID-096-SNOW,CID-096,Receivable,Active,2020-01-01,,0.0,USD,Accounts Receivable for Customer CID-096 - Snow Channel,SampleGen
ACCT-SNOW-CID-097,ACC-CID-097-SNOW,CID-097,Receivable,Active,2020-01-01,,0.0,USD,Accounts Receivable for Customer CID-097 - Snow Channel,SampleGen
ACCT-SNOW-CID-098,ACC-CID-098-SNOW,CID-098,Receivable,Active,2020-01-01,,0.0,USD,Accounts Receivable for Customer CID-098 - Snow Channel,SampleGen
ACCT-SNOW-CID-099,ACC-CID-099-SNOW,CID-099,Receivable,Active,2020-01-01,,0.0,USD,Accounts Receivable for Customer CID-099 - Snow Channel,SampleGen
ACCT-SNOW-CID-100,ACC-CID-100-SNOW,CID-100,Receivable,Active,2020-01-01,,0.0,USD,Accounts Receivable for Customer CID-100 - Snow Channel,SampleGen
ACCT-SNOW-CID-101,ACC-CID-101-SNOW,CID-101,Receivable,Active,2020-01-01,,0.0,USD,Accounts Receivable for Customer CID-101 - Snow Channel,SampleGen
ACCT-SNOW-CID-102,ACC-CID-102-SNOW,CID-102,Receivable,Active,2020-01-01,,0.0,USD,Accounts Receivable for Customer CID-102 - Snow Channel,SampleGen
ACCT-SNOW-CID-103,ACC-CID-103-SNOW,CID-103,Receivable,Active,2020-01-01,,0.0,USD,Accounts Receivable for Customer CID-103 - Snow Channel,SampleGen
ACCT-SNOW-CID-104,ACC-CID-104-SNOW,CID-104,Receivable,Active,2020-01-01,,0.0,USD,Accounts Receivable for Customer CID-104 - Snow Channel,SampleGen
ACCT-SNOW-CID-105,ACC-CID-105-SNOW,CID-105,Receivable,Active,2020-01-01,,0.0,USD,Accounts Receivable for Customer CID-105 - Snow Channel,SampleGen
ACCT-SNOW-CID-106,ACC-CID-106-SNOW,CID-106,Receivable,Active,2020-01-01,,0.0,USD,Accounts Receivable for Customer CID-106 - Snow Channel,SampleGen
ACCT-SNOW-CID-107,ACC-CID-107-SNOW,CID-107,Receivable,Active,2020-01-01,,0.0,USD,Accounts Receivable for Customer CID-107 - Snow Channel,SampleGen
ACCT-SNOW-CID-108,ACC-CID-108-SNOW,CID-108,Receivable,Active,2020-01-01,,0.0,USD,Accounts Receivable for Customer CID-108 - Snow Channel,SampleGen
ACCT-SNOW-CID-109,ACC-CID-109-SNOW,CID-109,Receivable,Active,2020-01-01,,0.0,USD,Accounts Receivable for Customer CID-109 - Snow Channel,SampleGen
ACCT-SNOW-CID-110,ACC-CID-110-SNOW,CID-110,Receivable,Active,2020-01-01,,0.0,USD,Accounts Receivable for Customer CID-110 - Snow Channel,SampleGen
ACCT-SNOW-CID-111,ACC-CID-111-SNOW,CID-111,Receivable,Active,2020-01-01,,0.0,USD,Accounts Receivable for Customer CID-111 - Snow Channel,SampleGen
ACCT-SNOW-CID-112,ACC-CID-112-SNOW,CID-112,Receivable,Active,2020-01-01,,0.0,USD,Accounts Receivable for Customer CID-112 - Snow Channel,SampleGen
ACCT-SNOW-CID-113,ACC-CID-113-SNOW,CID-113,Receivable,Active,2020-01-01,,0.0,USD,Accounts Receivable for Customer CID-113 - Snow Channel,SampleGen
ACCT-SNOW-CID-114,ACC-CID-114-SNOW,CID-114,Receivable,Active,2020-01-01,,0.0,USD,Accounts Receivable for Customer CID-114 - Snow Channel,SampleGen
ACCT-SNOW-CID-115,ACC-CID-115-SNOW,CID-115,Receivable,Active,2020-01-01,,0.0,USD,Accounts Receivable for Customer CID-115 - Snow Channel,SampleGen
ACCT-SNOW-CID-116,ACC-CID-116-SNOW,CID-116,Receivable,Active,2020-01-01,,0.0,USD,Accounts Receivable for Customer CID-116 - Snow Channel,SampleGen
ACCT-SNOW-CID-117,ACC-CID-117-SNOW,CID-117,Receivable,Active,2020-01-01,,0.0,USD,Accounts Receivable for Customer CID-117 - Snow Channel,SampleGen
ACCT-SNOW-CID-118,ACC-CID-118-SNOW,CID-118,Receivable,Active,2020-01-01,,0.0,USD,Accounts Receivable for Customer CID-118 - Snow Channel,SampleGen
ACCT-SNOW-CID-119,ACC-CID-119-SNOW,CID-119,Receivable,Active,2020-01-01,,0.0,USD,Accounts Receivable for Customer CID-119 - Snow Channel,SampleGen
ACCT-SNOW-CID-120,ACC-CID-120-SNOW,CID-120,Receivable,Active,2020-01-01,,0.0,USD,Accounts Receivable for Customer CID-120 - Snow Channel,SampleGen
ACCT-SNOW-CID-121,ACC-CID-121-SNOW,CID-121,Receivable,Active,2020-01-01,,0.0,USD,Accounts Receivable for Customer CID-121 - Snow Channel,SampleGen
ACCT-SNOW-CID-122,ACC-CID-122-SNOW,CID-122,Receivable,Active,2020-01-01,,0.0,USD,Accounts Receivable for Customer CID-122 - Snow Channel,SampleGen
ACCT-SNOW-CID-123,ACC-CID-123-SNOW,CID-123,Receivable,Active,2020-01-01,,0.0,USD,Accounts Receivable for Customer CID-123 - Snow Channel,SampleGen
ACCT-SNOW-CID-124,ACC-CID-124-SNOW,CID-124,Receivable,Active,2020-01-01,,0.0,USD,Accounts Receivable for Customer CID-124 - Snow Channel,SampleGen
ACCT-SNOW-CID-125,ACC-CID-125-SNOW,CID-125,Receivable,Active,2020-01-01,,0.0,USD,Accounts Receivable for Customer CID-125 - Snow Channel,SampleGen
ACCT-SNOW-CID-126,ACC-CID-126-SNOW,CID-126,Receivable,Active,2020-01-01,,0.0,USD,Accounts Receivable for Customer CID-126 - Snow Channel,SampleGen
ACCT-SNOW-CID-127,ACC-CID-127-SNOW,CID-127,Receivable,Active,2020-01-01,,0.0,USD,Accounts Receivable for Customer CID-127 - Snow Channel,SampleGen
ACCT-SNOW-CID-128,ACC-CID-128-SNOW,CID-128,Receivable,Active,2020-01-01,,0.0,USD,Accounts Receivable for Customer CID-128 - Snow Channel,SampleGen
ACCT-SNOW-CID-129,ACC-CID-129-SNOW,CID-129,Receivable,Active,2020-01-01,,0.0,USD,Accounts Receivable for Customer CID-129 - Snow Channel,SampleGen
ACCT-SNOW-CID-130,ACC-CID-130-SNOW,CID-130,Receivable,Active,2020-01-01,,0.0,USD,Accounts Receivable for Customer CID-130 - Snow Channel,SampleGen
ACCT-SNOW-CID-131,ACC-CID-131-SNOW,CID-131,Receivable,Active,2020-01-01,,0.0,USD,Accounts Receivable for Customer CID-131 - Snow Channel,SampleGen
ACCT-SNOW-CID-132,ACC-CID-132-SNOW,CID-132,Receivable,Active,2020-01-01,,0.0,USD,Accounts Receivable for Customer CID-132 - Snow Channel,SampleGen
ACCT-SNOW-CID-133,ACC-CID-133-SNOW,CID-133,Receivable,Active,2020-01-01,,0.0,USD,Accounts Receivable for Customer CID-133 - Snow Channel,SampleGen
ACCT-SNOW-CID-134,ACC-CID-134-SNOW,CID-134,Receivable,Active,2020-01-01,,0.0,USD,Accounts Receivable for Customer CID-134 - Snow Channel,SampleGen
ACCT-SNOW-CID-135,ACC-CID-135-SNOW,CID-135,Receivable,Active,2020-01-01,,0.0,USD,Accounts Receivable for Customer CID-135 - Snow Channel,SampleGen
ACCT-SNOW-CID-136,ACC-CID-136-SNOW,CID-136,Receivable,Active,2020-01-01,,0.0,USD,Accounts Receivable for Customer CID-136 - Snow Channel,SampleGen
ACCT-SNOW-CID-137,ACC-CID-137-SNOW,CID-137,Receivable,Active,2020-01-01,,0.0,USD,Accounts Receivable for Customer CID-137 - Snow Channel,SampleGen
ACCT-SNOW-CID-138,ACC-CID-138-SNOW,CID-138,Receivable,Active,2020-01-01,,0.0,USD,Accounts Receivable for Customer CID-138 - Snow Channel,SampleGen
ACCT-SNOW-CID-139,ACC-CID-139-SNOW,CID-139,Receivable,Active,2020-01-01,,0.0,USD,Accounts Receivable for Customer CID-139 - Snow Channel,SampleGen
ACCT-SNOW-CID-140,ACC-CID-140-SNOW,CID-140,Receivable,Active,2020-01-01,,0.0,USD,Accounts Receivable for Customer CID-140 - Snow Channel,SampleGen
ACCT-SNOW-CID-141,ACC-CID-141-SNOW,CID-141,Receivable,Active,2020-01-01,,0.0,USD,Accounts Receivable for Customer CID-141 - Snow Channel,SampleGen
ACCT-SNOW-CID-142,ACC-CID-142-SNOW,CID-142,Receivable,Active,2020-01-01,,0.0,USD,Accounts Receivable for Customer CID-142 - Snow Channel,SampleGen
ACCT-SNOW-CID-143,ACC-CID-143-SNOW,CID-143,Receivable,Active,2020-01-01,,0.0,USD,Accounts Receivable for Customer CID-143 - Snow Channel,SampleGen
ACCT-SNOW-CID-144,ACC-CID-144-SNOW,CID-144,Receivable,Active,2020-01-01,,0.0,USD,Accounts Receivable for Customer CID-144 - Snow Channel,SampleGen
ACCT-SNOW-CID-145,ACC-CID-145-SNOW,CID-145,Receivable,Active,2020-01-01,,0.0,USD,Accounts Receivable for Customer CID-145 - Snow Channel,SampleGen
ACCT-SNOW-CID-146,ACC-CID-146-SNOW,CID-146,Receivable,Active,2020-01-01,,0.0,USD,Accounts Receivable for Customer CID-146 - Snow Channel,SampleGen
ACCT-SNOW-CID-147,ACC-CID-147-SNOW,CID-147,Receivable,Active,2020-01-01,,0.0,USD,Accounts Receivable for Customer CID-147 - Snow Channel,SampleGen
ACCT-SNOW-CID-148,ACC-CID-148-SNOW,CID-148,Receivable,Active,2020-01-01,,0.0,USD,Accounts Receivable for Customer CID-148 - Snow Channel,SampleGen
ACCT-SNOW-CID-149,ACC-CID-149-SNOW,CID-149,Receivable,Active,2020-01-01,,0.0,USD,Accounts Receivable for Customer CID-149 - Snow Channel,SampleGen
ACCT-SNOW-CID-150,ACC-CID-150-SNOW,CID-150,Receivable,Active,2020-01-01,,0.0,USD,Accounts Receivable for Customer CID-150 - Snow Channel,SampleGen
ACCT-SNOW-CID-151,ACC-CID-151-SNOW,CID-151,Receivable,Active,2020-01-01,,0.0,USD,Accounts Receivable for Customer CID-151 - Snow Channel,SampleGen
ACCT-SNOW-CID-152,ACC-CID-152-SNOW,CID-152,Receivable,Active,2020-01-01,,0.0,USD,Accounts Receivable for Customer CID-152 - Snow Channel,SampleGen
ACCT-SNOW-CID-153,ACC-CID-153-SNOW,CID-153,Receivable,Active,2020-01-01,,0.0,USD,Accounts Receivable for Customer CID-153 - Snow Channel,SampleGen
ACCT-SNOW-CID-154,ACC-CID-154-SNOW,CID-154,Receivable,Active,2020-01-01,,0.0,USD,Accounts Receivable for Customer CID-154 - Snow Channel,SampleGen
ACCT-SNOW-CID-155,ACC-CID-155-SNOW,CID-155,Receivable,Active,2020-01-01,,0.0,USD,Accounts Receivable for Customer CID-155 - Snow Channel,SampleGen
ACCT-SNOW-CID-156,ACC-CID-156-SNOW,CID-156,Receivable,Active,2020-01-01,,0.0,USD,Accounts Receivable for Customer CID-156 - Snow Channel,SampleGen
ACCT-SNOW-CID-157,ACC-CID-157-SNOW,CID-157,Receivable,Active,2020-01-01,,0.0,USD,Accounts Receivable for Customer CID-157 - Snow Channel,SampleGen
ACCT-SNOW-CID-158,ACC-CID-158-SNOW,CID-158,Receivable,Active,2020-01-01,,0.0,USD,Accounts Receivable for Customer CID-158 - Snow Channel,SampleGen
ACCT-SNOW-CID-159,ACC-CID-159-SNOW,CID-159,Receivable,Active,2020-01-01,,0.0,USD,Accounts Receivable for Customer CID-159 - Snow Channel,SampleGen
ACCT-SNOW-CID-160,ACC-CID-160-SNOW,CID-160,Receivable,Active,2020-01-01,,0.0,USD,Accounts Receivable for Customer CID-160 - Snow Channel,SampleGen
ACCT-SNOW-CID-161,ACC-CID-161-SNOW,CID-161,Receivable,Active,2020-01-01,,0.0,USD,Accounts Receivable for Customer CID-161 - Snow Channel,SampleGen
ACCT-SNOW-CID-162,ACC-CID-162-SNOW,CID-162,Receivable,Active,2020-01-01,,0.0,USD,Accounts Receivable for Customer CID-162 - Snow Channel,SampleGen
ACCT-SNOW-CID-163,ACC-CID-163-SNOW,CID-163,Receivable,Active,2020-01-01,,0.0,USD,Accounts Receivable for Customer CID-163 - Snow Channel,SampleGen
ACCT-SNOW-CID-164,ACC-CID-164-SNOW,CID-164,Receivable,Active,2020-01-01,,0.0,USD,Accounts Receivable for Customer CID-164 - Snow Channel,SampleGen
ACCT-SNOW-CID-165,ACC-CID-165-SNOW,CID-165,Receivable,Active,2020-01-01,,0.0,USD,Accounts Receivable for Customer CID-165 - Snow Channel,SampleGen
ACCT-SNOW-CID-166,ACC-CID-166-SNOW,CID-166,Receivable,Active,2020-01-01,,0.0,USD,Accounts Receivable for Customer CID-166 - Snow Channel,SampleGen
ACCT-SNOW-CID-167,ACC-CID-167-SNOW,CID-167,Receivable,Active,2020-01-01,,0.0,USD,Accounts Receivable for Customer CID-167 - Snow Channel,SampleGen
ACCT-SNOW-CID-168,ACC-CID-168-SNOW,CID-168,Receivable,Active,2020-01-01,,0.0,USD,Accounts Receivable for Customer CID-168 - Snow Channel,SampleGen
ACCT-SNOW-CID-169,ACC-CID-169-SNOW,CID-169,Receivable,Active,2020-01-01,,0.0,USD,Accounts Receivable for Customer CID-169 - Snow Channel,SampleGen
ACCT-SNOW-CID-170,ACC-CID-170-SNOW,CID-170,Receivable,Active,2020-01-01,,0.0,USD,Accounts Receivable for Customer CID-170 - Snow Channel,SampleGen
ACCT-SNOW-CID-171,ACC-CID-171-SNOW,CID-171,Receivable,Active,2020-01-01,,0.0,USD,Accounts Receivable for Customer CID-171 - Snow Channel,SampleGen
ACCT-SNOW-CID-172,ACC-CID-172-SNOW,CID-172,Receivable,Active,2020-01-01,,0.0,USD,Accounts Receivable for Customer CID-172 - Snow Channel,SampleGen
ACCT-SNOW-CID-173,ACC-CID-173-SNOW,CID-173,Receivable,Active,2020-01-01,,0.0,USD,Accounts Receivable for Customer CID-173 - Snow Channel,SampleGen
ACCT-SNOW-CID-174,ACC-CID-174-SNOW,CID-174,Receivable,Active,2020-01-01,,0.0,USD,Accounts Receivable for Customer CID-174 - Snow Channel,SampleGen
ACCT-SNOW-CID-175,ACC-CID-175-SNOW,CID-175,Receivable,Active,2020-01-01,,0.0,USD,Accounts Receivable for Customer CID-175 - Snow Channel,SampleGen
ACCT-SNOW-CID-176,ACC-CID-176-SNOW,CID-176,Receivable,Active,2020-01-01,,0.0,USD,Accounts Receivable for Customer CID-176 - Snow Channel,SampleGen
ACCT-SNOW-CID-177,ACC-CID-177-SNOW,CID-177,Receivable,Active,2020-01-01,,0.0,USD,Accounts Receivable for Customer CID-177 - Snow Channel,SampleGen
ACCT-SNOW-CID-178,ACC-CID-178-SNOW,CID-178,Receivable,Active,2020-01-01,,0.0,USD,Accounts Receivable for Customer CID-178 - Snow Channel,SampleGen
ACCT-SNOW-CID-179,ACC-CID-179-SNOW,CID-179,Receivable,Active,2020-01-01,,0.0,USD,Accounts Receivable for Customer CID-179 - Snow Channel,SampleGen
ACCT-SNOW-CID-180,ACC-CID-180-SNOW,CID-180,Receivable,Active,2020-01-01,,0.0,USD,Accounts Receivable for Customer CID-180 - Snow Channel,SampleGen
ACCT-SNOW-CID-181,ACC-CID-181-SNOW,CID-181,Receivable,Active,2020-01-01,,0.0,USD,Accounts Receivable for Customer CID-181 - Snow Channel,SampleGen
ACCT-SNOW-CID-182,ACC-CID-182-SNOW,CID-182,Receivable,Active,2020-01-01,,0.0,USD,Accounts Receivable for Customer CID-182 - Snow Channel,SampleGen
ACCT-SNOW-CID-183,ACC-CID-183-SNOW,CID-183,Receivable,Active,2020-01-01,,0.0,USD,Accounts Receivable for Customer CID-183 - Snow Channel,SampleGen
ACCT-SNOW-CID-184,ACC-CID-184-SNOW,CID-184,Receivable,Active,2020-01-01,,0.0,USD,Accounts Receivable for Customer CID-184 - Snow Channel,SampleGen
ACCT-SNOW-CID-185,ACC-CID-185-SNOW,CID-185,Receivable,Active,2020-01-01,,0.0,USD,Accounts Receivable for Customer CID-185 - Snow Channel,SampleGen
ACCT-SNOW-CID-186,ACC-CID-186-SNOW,CID-186,Receivable,Active,2020-01-01,,0.0,USD,Accounts Receivable for Customer CID-186 - Snow Channel,SampleGen
ACCT-SNOW-CID-187,ACC-CID-187-SNOW,CID-187,Receivable,Active,2020-01-01,,0.0,USD,Accounts Receivable for Customer CID-187 - Snow Channel,SampleGen
ACCT-SNOW-CID-188,ACC-CID-188-SNOW,CID-188,Receivable,Active,2020-01-01,,0.0,USD,Accounts Receivable for Customer CID-188 - Snow Channel,SampleGen
ACCT-SNOW-CID-189,ACC-CID-189-SNOW,CID-189,Receivable,Active,2020-01-01,,0.0,USD,Accounts Receivable for Customer CID-189 - Snow Channel,SampleGen
ACCT-SNOW-CID-190,ACC-CID-190-SNOW,CID-190,Receivable,Active,2020-01-01,,0.0,USD,Accounts Receivable for Customer CID-190 - Snow Channel,SampleGen
ACCT-SNOW-CID-191,ACC-CID-191-SNOW,CID-191,Receivable,Active,2020-01-01,,0.0,USD,Accounts Receivable for Customer CID-191 - Snow Channel,SampleGen
ACCT-SNOW-CID-192,ACC-CID-192-SNOW,CID-192,Receivable,Active,2020-01-01,,0.0,USD,Accounts Receivable for Customer CID-192 - Snow Channel,SampleGen
ACCT-SNOW-CID-193,ACC-CID-193-SNOW,CID-193,Receivable,Active,2020-01-01,,0.0,USD,Accounts Receivable for Customer CID-193 - Snow Channel,SampleGen
ACCT-SNOW-CID-194,ACC-CID-194-SNOW,CID-194,Receivable,Active,2020-01-01,,0.0,USD,Accounts Receivable for Customer CID-194 - Snow Channel,SampleGen
ACCT-SNOW-CID-195,ACC-CID-195-SNOW,CID-195,Receivable,Active,2020-01-01,,0.0,USD,Accounts Receivable for Customer CID-195 - Snow Channel,SampleGen
ACCT-SNOW-CID-196,ACC-CID-196-SNOW,CID-196,Receivable,Active,2020-01-01,,0.0,USD,Accounts Receivable for Customer CID-196 - Snow Channel,SampleGen
ACCT-SNOW-CID-197,ACC-CID-197-SNOW,CID-197,Receivable,Active,2020-01-01,,0.0,USD,Accounts Receivable for Customer CID-197 - Snow Channel,SampleGen
ACCT-SNOW-CID-198,ACC-CID-198-SNOW,CID-198,Receivable,Active,2020-01-01,,0.0,USD,Accounts Receivable for Customer CID-198 - Snow Channel,SampleGen
ACCT-SNOW-CID-199,ACC-CID-199-SNOW,CID-199,Receivable,Active,2020-01-01,,0.0,USD,Accounts Receivable for Customer CID-199 - Snow Channel,SampleGen
ACCT-SNOW-CID-200,ACC-CID-200-SNOW,CID-200,Receivable,Active,2020-01-01,,0.0,USD,Accounts Receivable for Customer CID-200 - Snow Channel,SampleGen
ACCT-SNOW-CID-201,ACC-CID-201-SNOW,CID-201,Receivable,Active,2020-01-01,,0.0,USD,Accounts Receivable for Customer CID-201 - Snow Channel,SampleGen
ACCT-SNOW-CID-202,ACC-CID-202-SNOW,CID-202,Receivable,Active,2020-01-01,,0.0,USD,Accounts Receivable for Customer CID-202 - Snow Channel,SampleGen
ACCT-SNOW-CID-203,ACC-CID-203-SNOW,CID-203,Receivable,Active,2020-01-01,,0.0,USD,Accounts Receivable for Customer CID-203 - Snow Channel,SampleGen
ACCT-SNOW-CID-204,ACC-CID-204-SNOW,CID-204,Receivable,Active,2020-01-01,,0.0,USD,Accounts Receivable for Customer CID-204 - Snow Channel,SampleGen
ACCT-SNOW-CID-205,ACC-CID-205-SNOW,CID-205,Receivable,Active,2020-01-01,,0.0,USD,Accounts Receivable for Customer CID-205 - Snow Channel,SampleGen
ACCT-SNOW-CID-206,ACC-CID-206-SNOW,CID-206,Receivable,Active,2020-01-01,,0.0,USD,Accounts Receivable for Customer CID-206 - Snow Channel,SampleGen
ACCT-SNOW-CID-207,ACC-CID-207-SNOW,CID-207,Receivable,Active,2020-01-01,,0.0,USD,Accounts Receivable for Customer CID-207 - Snow Channel,SampleGen
ACCT-SNOW-CID-208,ACC-CID-208-SNOW,CID-208,Receivable,Active,2020-01-01,,0.0,USD,Accounts Receivable for Customer CID-208 - Snow Channel,SampleGen
ACCT-SNOW-CID-209,ACC-CID-209-SNOW,CID-209,Receivable,Active,2020-01-01,,0.0,USD,Accounts Receivable for Customer CID-209 - Snow Channel,SampleGen
ACCT-SNOW-CID-210,ACC-CID-210-SNOW,CID-210,Receivable,Active,2020-01-01,,0.0,USD,Accounts Receivable for Customer CID-210 - Snow Channel,SampleGen
ACCT-SNOW-CID-211,ACC-CID-211-SNOW,CID-211,Receivable,Active,2020-01-01,,0.0,USD,Accounts Receivable for Customer CID-211 - Snow Channel,SampleGen
ACCT-SNOW-CID-212,ACC-CID-212-SNOW,CID-212,Receivable,Active,2020-01-01,,0.0,USD,Accounts Receivable for Customer CID-212 - Snow Channel,SampleGen
ACCT-SNOW-CID-213,ACC-CID-213-SNOW,CID-213,Receivable,Active,2020-01-01,,0.0,USD,Accounts Receivable for Customer CID-213 - Snow Channel,SampleGen
ACCT-SNOW-CID-214,ACC-CID-214-SNOW,CID-214,Receivable,Active,2020-01-01,,0.0,USD,Accounts Receivable for Customer CID-214 - Snow Channel,SampleGen
ACCT-SNOW-CID-215,ACC-CID-215-SNOW,CID-215,Receivable,Active,2020-01-01,,0.0,USD,Accounts Receivable for Customer CID-215 - Snow Channel,SampleGen
ACCT-SNOW-CID-216,ACC-CID-216-SNOW,CID-216,Receivable,Active,2020-01-01,,0.0,USD,Accounts Receivable for Customer CID-216 - Snow Channel,SampleGen
ACCT-SNOW-CID-217,ACC-CID-217-SNOW,CID-217,Receivable,Active,2020-01-01,,0.0,USD,Accounts Receivable for Customer CID-217 - Snow Channel,SampleGen
ACCT-SNOW-CID-218,ACC-CID-218-SNOW,CID-218,Receivable,Active,2020-01-01,,0.0,USD,Accounts Receivable for Customer CID-218 - Snow Channel,SampleGen
ACCT-SNOW-CID-219,ACC-CID-219-SNOW,CID-219,Receivable,Active,2020-01-01,,0.0,USD,Accounts Receivable for Customer CID-219 - Snow Channel,SampleGen
ACCT-SNOW-CID-220,ACC-CID-220-SNOW,CID-220,Receivable,Active,2020-01-01,,0.0,USD,Accounts Receivable for Customer CID-220 - Snow Channel,SampleGen
ACCT-SNOW-CID-221,ACC-CID-221-SNOW,CID-221,Receivable,Active,2020-01-01,,0.0,USD,Accounts Receivable for Customer CID-221 - Snow Channel,SampleGen
ACCT-SNOW-CID-222,ACC-CID-222-SNOW,CID-222,Receivable,Active,2020-01-01,,0.0,USD,Accounts Receivable for Customer CID-222 - Snow Channel,SampleGen
ACCT-SNOW-CID-223,ACC-CID-223-SNOW,CID-223,Receivable,Active,2020-01-01,,0.0,USD,Accounts Receivable for Customer CID-223 - Snow Channel,SampleGen
ACCT-SNOW-CID-224,ACC-CID-224-SNOW,CID-224,Receivable,Active,2020-01-01,,0.0,USD,Accounts Receivable for Customer CID-224 - Snow Channel,SampleGen
ACCT-SNOW-CID-225,ACC-CID-225-SNOW,CID-225,Receivable,Active,2020-01-01,,0.0,USD,Accounts Receivable for Customer CID-225 - Snow Channel,SampleGen
ACCT-SNOW-CID-226,ACC-CID-226-SNOW,CID-226,Receivable,Active,2020-01-01,,0.0,USD,Accounts Receivable for Customer CID-226 - Snow Channel,SampleGen
ACCT-SNOW-CID-227,ACC-CID-227-SNOW,CID-227,Receivable,Active,2020-01-01,,0.0,USD,Accounts Receivable for Customer CID-227 - Snow Channel,SampleGen
ACCT-SNOW-CID-228,ACC-CID-228-SNOW,CID-228,Receivable,Active,2020-01-01,,0.0,USD,Accounts Receivable for Customer CID-228 - Snow Channel,SampleGen
ACCT-SNOW-CID-229,ACC-CID-229-SNOW,CID-229,Receivable,Active,2020-01-01,,0.0,USD,Accounts Receivable for Customer CID-229 - Snow Channel,SampleGen
ACCT-SNOW-CID-230,ACC-CID-230-SNOW,CID-230,Receivable,Active,2020-01-01,,0.0,USD,Accounts Receivable for Customer CID-230 - Snow Channel,SampleGen
ACCT-SNOW-CID-231,ACC-CID-231-SNOW,CID-231,Receivable,Active,2020-01-01,,0.0,USD,Accounts Receivable for Customer CID-231 - Snow Channel,SampleGen
ACCT-SNOW-CID-232,ACC-CID-232-SNOW,CID-232,Receivable,Active,2020-01-01,,0.0,USD,Accounts Receivable for Customer CID-232 - Snow Channel,SampleGen
ACCT-SNOW-CID-233,ACC-CID-233-SNOW,CID-233,Receivable,Active,2020-01-01,,0.0,USD,Accounts Receivable for Customer CID-233 - Snow Channel,SampleGen
ACCT-SNOW-CID-234,ACC-CID-234-SNOW,CID-234,Receivable,Active,2020-01-01,,0.0,USD,Accounts Receivable for Customer CID-234 - Snow Channel,SampleGen
ACCT-SNOW-CID-235,ACC-CID-235-SNOW,CID-235,Receivable,Active,2020-01-01,,0.0,USD,Accounts Receivable for Customer CID-235 - Snow Channel,SampleGen
ACCT-SNOW-CID-236,ACC-CID-236-SNOW,CID-236,Receivable,Active,2020-01-01,,0.0,USD,Accounts Receivable for Customer CID-236 - Snow Channel,SampleGen
ACCT-SNOW-CID-237,ACC-CID-237-SNOW,CID-237,Receivable,Active,2020-01-01,,0.0,USD,Accounts Receivable for Customer CID-237 - Snow Channel,SampleGen
ACCT-SNOW-CID-238,ACC-CID-238-SNOW,CID-238,Receivable,Active,2020-01-01,,0.0,USD,Accounts Receivable for Customer CID-238 - Snow Channel,SampleGen
ACCT-SNOW-CID-239,ACC-CID-239-SNOW,CID-239,Receivable,Active,2020-01-01,,0.0,USD,Accounts Receivable for Customer CID-239 - Snow Channel,SampleGen
ACCT-SNOW-CID-240,ACC-CID-240-SNOW,CID-240,Receivable,Active,2020-01-01,,0.0,USD,Accounts Receivable for Customer CID-240 - Snow Channel,SampleGen
ACCT-SNOW-CID-241,ACC-CID-241-SNOW,CID-241,Receivable,Active,2020-01-01,,0.0,USD,Accounts Receivable for Customer CID-241 - Snow Channel,SampleGen
ACCT-SNOW-CID-242,ACC-CID-242-SNOW,CID-242,Receivable,Active,2020-01-01,,0.0,USD,Accounts Receivable for Customer CID-242 - Snow Channel,SampleGen
ACCT-SNOW-CID-243,ACC-CID-243-SNOW,CID-243,Receivable,Active,2020-01-01,,0.0,USD,Accounts Receivable for Customer CID-243 - Snow Channel,SampleGen
ACCT-SNOW-CID-244,ACC-CID-244-SNOW,CID-244,Receivable,Active,2020-01-01,,0.0,USD,Accounts Receivable for Customer CID-244 - Snow Channel,SampleGen
ACCT-SNOW-CID-245,ACC-CID-245-SNOW,CID-245,Receivable,Active,2020-01-01,,0.0,USD,Accounts Receivable for Customer CID-245 - Snow Channel,SampleGen
ACCT-SNOW-CID-246,ACC-CID-246-SNOW,CID-246,Receivable,Active,2020-01-01,,0.0,USD,Accounts Receivable for Customer CID-246 - Snow Channel,SampleGen
ACCT-SNOW-CID-247,ACC-CID-247-SNOW,CID-247,Receivable,Active,2020-01-01,,0.0,USD,Accounts Receivable for Customer CID-247 - Snow Channel,SampleGen
ACCT-SNOW-CID-248,ACC-CID-248-SNOW,CID-248,Receivable,Active,2020-01-01,,0.0,USD,Accounts Receivable for Customer CID-248 - Snow Channel,SampleGen
ACCT-SNOW-CID-249,ACC-CID-249-SNOW,CID-249,Receivable,Active,2020-01-01,,0.0,USD,Accounts Receivable for Customer CID-249 - Snow Channel,SampleGen
ACCT-SNOW-CID-250,ACC-CID-250-SNOW,CID-250,Receivable,Active,2020-01-01,,0.0,USD,Accounts Receivable for Customer CID-250 - Snow Channel,SampleGen
ACCT-SNOW-CID-251,ACC-CID-251-SNOW,CID-251,Receivable,Active,2020-01-01,,0.0,USD,Accounts Receivable for Customer CID-251 - Snow Channel,SampleGen
ACCT-SNOW-CID-252,ACC-CID-252-SNOW,CID-252,Receivable,Active,2020-01-01,,0.0,USD,Accounts Receivable for Customer CID-252 - Snow Channel,SampleGen
ACCT-SNOW-CID-253,ACC-CID-253-SNOW,CID-253,Receivable,Active,2020-01-01,,0.0,USD,Accounts Receivable for Customer CID-253 - Snow Channel,SampleGen
ACCT-SNOW-CID-254,ACC-CID-254-SNOW,CID-254,Receivable,Active,2020-01-01,,0.0,USD,Accounts Receivable for Customer CID-254 - Snow Channel,SampleGen
ACCT-SNOW-CID-255,ACC-CID-255-SNOW,CID-255,Receivable,Active,2020-01-01,,0.0,USD,Accounts Receivable for Customer CID-255 - Snow Channel,SampleGen
ACCT-SNOW-CID-256,ACC-CID-256-SNOW,CID-256,Receivable,Active,2020-01-01,,0.0,USD,Accounts Receivable for Customer CID-256 - Snow Channel,SampleGen
ACCT-SNOW-CID-257,ACC-CID-257-SNOW,CID-257,Receivable,Active,2020-01-01,,0.0,USD,Accounts Receivable for Customer CID-257 - Snow Channel,SampleGen
ACCT-SNOW-CID-258,ACC-CID-258-SNOW,CID-258,Receivable,Active,2020-01-01,,0.0,USD,Accounts Receivable for Customer CID-258 - Snow Channel,SampleGen
ACCT-SNOW-CID-259,ACC-CID-259-SNOW,CID-259,Receivable,Active,2020-01-01,,0.0,USD,Accounts Receivable for Customer CID-259 - Snow Channel,SampleGen
ACCT-SNOW-CID-260,ACC-CID-260-SNOW,CID-260,Receivable,Active,2020-01-01,,0.0,USD,Accounts Receivable for Customer CID-260 - Snow Channel,SampleGen
ACCT-SNOW-CID-261,ACC-CID-261-SNOW,CID-261,Receivable,Active,2020-01-01,,0.0,USD,Accounts Receivable for Customer CID-261 - Snow Channel,SampleGen
ACCT-SNOW-CID-262,ACC-CID-262-SNOW,CID-262,Receivable,Active,2020-01-01,,0.0,USD,Accounts Receivable for Customer CID-262 - Snow Channel,SampleGen
ACCT-SNOW-CID-263,ACC-CID-263-SNOW,CID-263,Receivable,Active,2020-01-01,,0.0,USD,Accounts Receivable for Customer CID-263 - Snow Channel,SampleGen
ACCT-SNOW-CID-264,ACC-CID-264-SNOW,CID-264,Receivable,Active,2020-01-01,,0.0,USD,Accounts Receivable for Customer CID-264 - Snow Channel,SampleGen
ACCT-SNOW-CID-265,ACC-CID-265-SNOW,CID-265,Receivable,Active,2020-01-01,,0.0,USD,Accounts Receivable for Customer CID-265 - Snow Channel,SampleGen
ACCT-SNOW-CID-266,ACC-CID-266-SNOW,CID-266,Receivable,Active,2020-01-01,,0.0,USD,Accounts Receivable for Customer CID-266 - Snow Channel,SampleGen
ACCT-SNOW-CID-267,ACC-CID-267-SNOW,CID-267,Receivable,Active,2020-01-01,,0.0,USD,Accounts Receivable for Customer CID-267 - Snow Channel,SampleGen
ACCT-SNOW-CID-268,ACC-CID-268-SNOW,CID-268,Receivable,Active,2020-01-01,,0.0,USD,Accounts Receivable for Customer CID-268 - Snow Channel,SampleGen
ACCT-SNOW-CID-269,ACC-CID-269-SNOW,CID-269,Receivable,Active,2020-01-01,,0.0,USD,Accounts Receivable for Customer CID-269 - Snow Channel,SampleGen
ACCT-SNOW-CID-270,ACC-CID-270-SNOW,CID-270,Receivable,Active,2020-01-01,,0.0,USD,Accounts Receivable for Customer CID-270 - Snow Channel,SampleGen
ACCT-SNOW-CID-271,ACC-CID-271-SNOW,CID-271,Receivable,Active,2020-01-01,,0.0,USD,Accounts Receivable for Customer CID-271 - Snow Channel,SampleGen
ACCT-SNOW-CID-272,ACC-CID-272-SNOW,CID-272,Receivable,Active,2020-01-01,,0.0,USD,Accounts Receivable for Customer CID-272 - Snow Channel,SampleGen
ACCT-SNOW-CID-273,ACC-CID-273-SNOW,CID-273,Receivable,Active,2020-01-01,,0.0,USD,Accounts Receivable for Customer CID-273 - Snow Channel,SampleGen
ACCT-SNOW-CID-274,ACC-CID-274-SNOW,CID-274,Receivable,Active,2020-01-01,,0.0,USD,Accounts Receivable for Customer CID-274 - Snow Channel,SampleGen
ACCT-SNOW-CID-275,ACC-CID-275-SNOW,CID-275,Receivable,Active,2020-01-01,,0.0,USD,Accounts Receivable for Customer CID-275 - Snow Channel,SampleGen
ACCT-SNOW-CID-276,ACC-CID-276-SNOW,CID-276,Receivable,Active,2020-01-01,,0.0,USD,Accounts Receivable for Customer CID-276 - Snow Channel,SampleGen
ACCT-SNOW-CID-277,ACC-CID-277-SNOW,CID-277,Receivable,Active,2020-01-01,,0.0,USD,Accounts Receivable for Customer CID-277 - Snow Channel,SampleGen
ACCT-SNOW-CID-278,ACC-CID-278-SNOW,CID-278,Receivable,Active,2020-01-01,,0.0,USD,Accounts Receivable for Customer CID-278 - Snow Channel,SampleGen
ACCT-SNOW-CID-279,ACC-CID-279-SNOW,CID-279,Receivable,Active,2020-01-01,,0.0,USD,Accounts Receivable for Customer CID-279 - Snow Channel,SampleGen
ACCT-SNOW-CID-280,ACC-CID-280-SNOW,CID-280,Receivable,Active,2020-01-01,,0.0,USD,Accounts Receivable for Customer CID-280 - Snow Channel,SampleGen
ACCT-SNOW-CID-281,ACC-CID-281-SNOW,CID-281,Receivable,Active,2020-01-01,,0.0,USD,Accounts Receivable for Customer CID-281 - Snow Channel,SampleGen
ACCT-SNOW-CID-282,ACC-CID-282-SNOW,CID-282,Receivable,Active,2020-01-01,,0.0,USD,Accounts Receivable for Customer CID-282 - Snow Channel,SampleGen
ACCT-SNOW-CID-283,ACC-CID-283-SNOW,CID-283,Receivable,Active,2020-01-01,,0.0,USD,Accounts Receivable for Customer CID-283 - Snow Channel,SampleGen
ACCT-SNOW-CID-284,ACC-CID-284-SNOW,CID-284,Receivable,Active,2020-01-01,,0.0,USD,Accounts Receivable for Customer CID-284 - Snow Channel,SampleGen
ACCT-SNOW-CID-285,ACC-CID-285-SNOW,CID-285,Receivable,Active,2020-01-01,,0.0,USD,Accounts Receivable for Customer CID-285 - Snow Channel,SampleGen
ACCT-SNOW-CID-286,ACC-CID-286-SNOW,CID-286,Receivable,Active,2020-01-01,,0.0,USD,Accounts Receivable for Customer CID-286 - Snow Channel,SampleGen
ACCT-SNOW-CID-287,ACC-CID-287-SNOW,CID-287,Receivable,Active,2020-01-01,,0.0,USD,Accounts Receivable for Customer CID-287 - Snow Channel,SampleGen
ACCT-SNOW-CID-288,ACC-CID-288-SNOW,CID-288,Receivable,Active,2020-01-01,,0.0,USD,Accounts Receivable for Customer CID-288 - Snow Channel,SampleGen
ACCT-SNOW-CID-289,ACC-CID-289-SNOW,CID-289,Receivable,Active,2020-01-01,,0.0,USD,Accounts Receivable for Customer CID-289 - Snow Channel,SampleGen
ACCT-SNOW-CID-290,ACC-CID-290-SNOW,CID-290,Receivable,Active,2020-01-01,,0.0,USD,Accounts Receivable for Customer CID-290 - Snow Channel,SampleGen
ACCT-SNOW-CID-291,ACC-CID-291-SNOW,CID-291,Receivable,Active,2020-01-01,,0.0,USD,Accounts Receivable for Customer CID-291 - Snow Channel,SampleGen
ACCT-SNOW-CID-292,ACC-CID-292-SNOW,CID-292,Receivable,Active,2020-01-01,,0.0,USD,Accounts Receivable for Customer CID-292 - Snow Channel,SampleGen
ACCT-SNOW-CID-293,ACC-CID-293-SNOW,CID-293,Receivable,Active,2020-01-01,,0.0,USD,Accounts Receivable for Customer CID-293 - Snow Channel,SampleGen
ACCT-SNOW-CID-294,ACC-CID-294-SNOW,CID-294,Receivable,Active,2020-01-01,,0.0,USD,Accounts Receivable for Customer CID-294 - Snow Channel,SampleGen
ACCT-SNOW-CID-295,ACC-CID-295-SNOW,CID-295,Receivable,Active,2020-01-01,,0.0,USD,Accounts Receivable for Customer CID-295 - Snow Channel,SampleGen
ACCT-SNOW-CID-296,ACC-CID-296-SNOW,CID-296,Receivable,Active,2020-01-01,,0.0,USD,Accounts Receivable for Customer CID-296 - Snow Channel,SampleGen
ACCT-SNOW-CID-297,ACC-CID-297-SNOW,CID-297,Receivable,Active,2020-01-01,,0.0,USD,Accounts Receivable for Customer CID-297 - Snow Channel,SampleGen
ACCT-SNOW-CID-298,ACC-CID-298-SNOW,CID-298,Receivable,Active,2020-01-01,,0.0,USD,Accounts Receivable for Customer CID-298 - Snow Channel,SampleGen
ACCT-SNOW-CID-299,ACC-CID-299-SNOW,CID-299,Receivable,Active,2020-01-01,,0.0,USD,Accounts Receivable for Customer CID-299 - Snow Channel,SampleGen
ACCT-SNOW-CID-300,ACC-CID-300-SNOW,CID-300,Receivable,Active,2020-01-01,,0.0,USD,Accounts Receivable for Customer CID-300 - Snow Channel,SampleGen
ACCT-SNOW-CID-301,ACC-CID-301-SNOW,CID-301,Receivable,Active,2020-01-01,,0.0,USD,Accounts Receivable for Customer CID-301 - Snow Channel,SampleGen
ACCT-SNOW-CID-302,ACC-CID-302-SNOW,CID-302,Receivable,Active,2020-01-01,,0.0,USD,Accounts Receivable for Customer CID-302 - Snow Channel,SampleGen
ACCT-SNOW-CID-303,ACC-CID-303-SNOW,CID-303,Receivable,Active,2020-01-01,,0.0,USD,Accounts Receivable for Customer CID-303 - Snow Channel,SampleGen
ACCT-SNOW-CID-304,ACC-CID-304-SNOW,CID-304,Receivable,Active,2020-01-01,,0.0,USD,Accounts Receivable for Customer CID-304 - Snow Channel,SampleGen
ACCT-SNOW-CID-305,ACC-CID-305-SNOW,CID-305,Receivable,Active,2020-01-01,,0.0,USD,Accounts Receivable for Customer CID-305 - Snow Channel,SampleGen
ACCT-SNOW-CID-306,ACC-CID-306-SNOW,CID-306,Receivable,Active,2020-01-01,,0.0,USD,Accounts Receivable for Customer CID-306 - Snow Channel,SampleGen
ACCT-SNOW-CID-307,ACC-CID-307-SNOW,CID-307,Receivable,Active,2020-01-01,,0.0,USD,Accounts Receivable for Customer CID-307 - Snow Channel,SampleGen
ACCT-SNOW-CID-308,ACC-CID-308-SNOW,CID-308,Receivable,Active,2020-01-01,,0.0,USD,Accounts Receivable for Customer CID-308 - Snow Channel,SampleGen
ACCT-SNOW-CID-309,ACC-CID-309-SNOW,CID-309,Receivable,Active,2020-01-01,,0.0,USD,Accounts Receivable for Customer CID-309 - Snow Channel,SampleGen
ACCT-SNOW-CID-310,ACC-CID-310-SNOW,CID-310,Receivable,Active,2020-01-01,,0.0,USD,Accounts Receivable for Customer CID-310 - Snow Channel,SampleGen
ACCT-SNOW-CID-311,ACC-CID-311-SNOW,CID-311,Receivable,Active,2020-01-01,,0.0,USD,Accounts Receivable for Customer CID-311 - Snow Channel,SampleGen
ACCT-SNOW-CID-312,ACC-CID-312-SNOW,CID-312,Receivable,Active,2020-01-01,,0.0,USD,Accounts Receivable for Customer CID-312 - Snow Channel,SampleGen
ACCT-SNOW-CID-313,ACC-CID-313-SNOW,CID-313,Receivable,Active,2020-01-01,,0.0,USD,Accounts Receivable for Customer CID-313 - Snow Channel,SampleGen
ACCT-SNOW-CID-314,ACC-CID-314-SNOW,CID-314,Receivable,Active,2020-01-01,,0.0,USD,Accounts Receivable for Customer CID-314 - Snow Channel,SampleGen
ACCT-SNOW-CID-315,ACC-CID-315-SNOW,CID-315,Receivable,Active,2020-01-01,,0.0,USD,Accounts Receivable for Customer CID-315 - Snow Channel,SampleGen
ACCT-SNOW-CID-316,ACC-CID-316-SNOW,CID-316,Receivable,Active,2020-01-01,,0.0,USD,Accounts Receivable for Customer CID-316 - Snow Channel,SampleGen
ACCT-SNOW-CID-317,ACC-CID-317-SNOW,CID-317,Receivable,Active,2020-01-01,,0.0,USD,Accounts Receivable for Customer CID-317 - Snow Channel,SampleGen
ACCT-SNOW-CID-318,ACC-CID-318-SNOW,CID-318,Receivable,Active,2020-01-01,,0.0,USD,Accounts Receivable for Customer CID-318 - Snow Channel,SampleGen
ACCT-SNOW-CID-319,ACC-CID-319-SNOW,CID-319,Receivable,Active,2020-01-01,,0.0,USD,Accounts Receivable for Customer CID-319 - Snow Channel,SampleGen
ACCT-SNOW-CID-320,ACC-CID-320-SNOW,CID-320,Receivable,Active,2020-01-01,,0.0,USD,Accounts Receivable for Customer CID-320 - Snow Channel,SampleGen
ACCT-SNOW-CID-321,ACC-CID-321-SNOW,CID-321,Receivable,Active,2020-01-01,,0.0,USD,Accounts Receivable for Customer CID-321 - Snow Channel,SampleGen
ACCT-SNOW-CID-322,ACC-CID-322-SNOW,CID-322,Receivable,Active,2020-01-01,,0.0,USD,Accounts Receivable for Customer CID-322 - Snow Channel,SampleGen
ACCT-SNOW-CID-323,ACC-CID-323-SNOW,CID-323,Receivable,Active,2020-01-01,,0.0,USD,Accounts Receivable for Customer CID-323 - Snow Channel,SampleGen
ACCT-SNOW-CID-324,ACC-CID-324-SNOW,CID-324,Receivable,Active,2020-01-01,,0.0,USD,Accounts Receivable for Customer CID-324 - Snow Channel,SampleGen
ACCT-SNOW-CID-325,ACC-CID-325-SNOW,CID-325,Receivable,Active,2020-01-01,,0.0,USD,Accounts Receivable for Customer CID-325 - Snow Channel,SampleGen
ACCT-SNOW-CID-326,ACC-CID-326-SNOW,CID-326,Receivable,Active,2020-01-01,,0.0,USD,Accounts Receivable for Customer CID-326 - Snow Channel,SampleGen
ACCT-SNOW-CID-327,ACC-CID-327-SNOW,CID-327,Receivable,Active,2020-01-01,,0.0,USD,Accounts Receivable for Customer CID-327 - Snow Channel,SampleGen
ACCT-SNOW-CID-328,ACC-CID-328-SNOW,CID-328,Receivable,Active,2020-01-01,,0.0,USD,Accounts Receivable for Customer CID-328 - Snow Channel,SampleGen
ACCT-SNOW-CID-329,ACC-CID-329-SNOW,CID-329,Receivable,Active,2020-01-01,,0.0,USD,Accounts Receivable for Customer CID-329 - Snow Channel,SampleGen
ACCT-SNOW-CID-330,ACC-CID-330-SNOW,CID-330,Receivable,Active,2020-01-01,,0.0,USD,Accounts Receivable for Customer CID-330 - Snow Channel,SampleGen
ACCT-SNOW-CID-331,ACC-CID-331-SNOW,CID-331,Receivable,Active,2020-01-01,,0.0,USD,Accounts Receivable for Customer CID-331 - Snow Channel,SampleGen
ACCT-SNOW-CID-332,ACC-CID-332-SNOW,CID-332,Receivable,Active,2020-01-01,,0.0,USD,Accounts Receivable for Customer CID-332 - Snow Channel,SampleGen
ACCT-SNOW-CID-333,ACC-CID-333-SNOW,CID-333,Receivable,Active,2020-01-01,,0.0,USD,Accounts Receivable for Customer CID-333 - Snow Channel,SampleGen
ACCT-SNOW-CID-334,ACC-CID-334-SNOW,CID-334,Receivable,Active,2020-01-01,,0.0,USD,Accounts Receivable for Customer CID-334 - Snow Channel,SampleGen
ACCT-SNOW-CID-335,ACC-CID-335-SNOW,CID-335,Receivable,Active,2020-01-01,,0.0,USD,Accounts Receivable for Customer CID-335 - Snow Channel,SampleGen
ACCT-SNOW-CID-336,ACC-CID-336-SNOW,CID-336,Receivable,Active,2020-01-01,,0.0,USD,Accounts Receivable for Customer CID-336 - Snow Channel,SampleGen
ACCT-SNOW-CID-337,ACC-CID-337-SNOW,CID-337,Receivable,Active,2020-01-01,,0.0,USD,Accounts Receivable for Customer CID-337 - Snow Channel,SampleGen
ACCT-SNOW-CID-338,ACC-CID-338-SNOW,CID-338,Receivable,Active,2020-01-01,,0.0,USD,Accounts Receivable for Customer CID-338 - Snow Channel,SampleGen
ACCT-SNOW-CID-339,ACC-CID-339-SNOW,CID-339,Receivable,Active,2020-01-01,,0.0,USD,Accounts Receivable for Customer CID-339 - Snow Channel,SampleGen
ACCT-SNOW-CID-340,ACC-CID-340-SNOW,CID-340,Receivable,Active,2020-01-01,,0.0,USD,Accounts Receivable for Customer CID-340 - Snow Channel,SampleGen
ACCT-SNOW-CID-341,ACC-CID-341-SNOW,CID-341,Receivable,Active,2020-01-01,,0.0,USD,Accounts Receivable for Customer CID-341 - Snow Channel,SampleGen
ACCT-SNOW-CID-342,ACC-CID-342-SNOW,CID-342,Receivable,Active,2020-01-01,,0.0,USD,Accounts Receivable for Customer CID-342 - Snow Channel,SampleGen
ACCT-SNOW-CID-343,ACC-CID-343-SNOW,CID-343,Receivable,Active,2020-01-01,,0.0,USD,Accounts Receivable for Customer CID-343 - Snow Channel,SampleGen
ACCT-SNOW-CID-344,ACC-CID-344-SNOW,CID-344,Receivable,Active,2020-01-01,,0.0,USD,Accounts Receivable for Customer CID-344 - Snow Channel,SampleGen
ACCT-SNOW-CID-345,ACC-CID-345-SNOW,CID-345,Receivable,Active,2020-01-01,,0.0,USD,Accounts Receivable for Customer CID-345 - Snow Channel,SampleGen
ACCT-SNOW-CID-346,ACC-CID-346-SNOW,CID-346,Receivable,Active,2020-01-01,,0.0,USD,Accounts Receivable for Customer CID-346 - Snow Channel,SampleGen
ACCT-SNOW-CID-347,ACC-CID-347-SNOW,CID-347,Receivable,Active,2020-01-01,,0.0,USD,Accounts Receivable for Customer CID-347 - Snow Channel,SampleGen
ACCT-SNOW-CID-348,ACC-CID-348-SNOW,CID-348,Receivable,Active,2020-01-01,,0.0,USD,Accounts Receivable for Customer CID-348 - Snow Channel,SampleGen
ACCT-SNOW-CID-349,ACC-CID-349-SNOW,CID-349,Receivable,Active,2020-01-01,,0.0,USD,Accounts Receivable for Customer CID-349 - Snow Channel,SampleGen
ACCT-SNOW-CID-350,ACC-CID-350-SNOW,CID-350,Receivable,Active,2020-01-01,,0.0,USD,Accounts Receivable for Customer CID-350 - Snow Channel,SampleGen
ACCT-SNOW-CID-351,ACC-CID-351-SNOW,CID-351,Receivable,Active,2020-01-01,,0.0,USD,Accounts Receivable for Customer CID-351 - Snow Channel,SampleGen
ACCT-SNOW-CID-352,ACC-CID-352-SNOW,CID-352,Receivable,Active,2020-01-01,,0.0,USD,Accounts Receivable for Customer CID-352 - Snow Channel,SampleGen
ACCT-SNOW-CID-353,ACC-CID-353-SNOW,CID-353,Receivable,Active,2020-01-01,,0.0,USD,Accounts Receivable for Customer CID-353 - Snow Channel,SampleGen
ACCT-SNOW-CID-354,ACC-CID-354-SNOW,CID-354,Receivable,Active,2020-01-01,,0.0,USD,Accounts Receivable for Customer CID-354 - Snow Channel,SampleGen
ACCT-SNOW-CID-355,ACC-CID-355-SNOW,CID-355,Receivable,Active,2020-01-01,,0.0,USD,Accounts Receivable for Customer CID-355 - Snow Channel,SampleGen
ACCT-SNOW-CID-356,ACC-CID-356-SNOW,CID-356,Receivable,Active,2020-01-01,,0.0,USD,Accounts Receivable for Customer CID-356 - Snow Channel,SampleGen
ACCT-SNOW-CID-357,ACC-CID-357-SNOW,CID-357,Receivable,Active,2020-01-01,,0.0,USD,Accounts Receivable for Customer CID-357 - Snow Channel,SampleGen
ACCT-SNOW-CID-358,ACC-CID-358-SNOW,CID-358,Receivable,Active,2020-01-01,,0.0,USD,Accounts Receivable for Customer CID-358 - Snow Channel,SampleGen
ACCT-SNOW-CID-359,ACC-CID-359-SNOW,CID-359,Receivable,Active,2020-01-01,,0.0,USD,Accounts Receivable for Customer CID-359 - Snow Channel,SampleGen
ACCT-SNOW-CID-360,ACC-CID-360-SNOW,CID-360,Receivable,Active,2020-01-01,,0.0,USD,Accounts Receivable for Customer CID-360 - Snow Channel,SampleGen
ACCT-SNOW-CID-361,ACC-CID-361-SNOW,CID-361,Receivable,Active,2020-01-01,,0.0,USD,Accounts Receivable for Customer CID-361 - Snow Channel,SampleGen
ACCT-SNOW-CID-362,ACC-CID-362-SNOW,CID-362,Receivable,Active,2020-01-01,,0.0,USD,Accounts Receivable for Customer CID-362 - Snow Channel,SampleGen
ACCT-SNOW-CID-363,ACC-CID-363-SNOW,CID-363,Receivable,Active,2020-01-01,,0.0,USD,Accounts Receivable for Customer CID-363 - Snow Channel,SampleGen
ACCT-SNOW-CID-364,ACC-CID-364-SNOW,CID-364,Receivable,Active,2020-01-01,,0.0,USD,Accounts Receivable for Customer CID-364 - Snow Channel,SampleGen
ACCT-SNOW-CID-365,ACC-CID-365-SNOW,CID-365,Receivable,Active,2020-01-01,,0.0,USD,Accounts Receivable for Customer CID-365 - Snow Channel,SampleGen
ACCT-SNOW-CID-366,ACC-CID-366-SNOW,CID-366,Receivable,Active,2020-01-01,,0.0,USD,Accounts Receivable for Customer CID-366 - Snow Channel,SampleGen
ACCT-SNOW-CID-367,ACC-CID-367-SNOW,CID-367,Receivable,Active,2020-01-01,,0.0,USD,Accounts Receivable for Customer CID-367 - Snow Channel,SampleGen
ACCT-SNOW-CID-368,ACC-CID-368-SNOW,CID-368,Receivable,Active,2020-01-01,,0.0,USD,Accounts Receivable for Customer CID-368 - Snow Channel,SampleGen
ACCT-SNOW-CID-369,ACC-CID-369-SNOW,CID-369,Receivable,Active,2020-01-01,,0.0,USD,Accounts Receivable for Customer CID-369 - Snow Channel,SampleGen
ACCT-SNOW-CID-370,ACC-CID-370-SNOW,CID-370,Receivable,Active,2020-01-01,,0.0,USD,Accounts Receivable for Customer CID-370 - Snow Channel,SampleGen
ACCT-SNOW-CID-371,ACC-CID-371-SNOW,CID-371,Receivable,Active,2020-01-01,,0.0,USD,Accounts Receivable for Customer CID-371 - Snow Channel,SampleGen
ACCT-SNOW-CID-372,ACC-CID-372-SNOW,CID-372,Receivable,Active,2020-01-01,,0.0,USD,Accounts Receivable for Customer CID-372 - Snow Channel,SampleGen
ACCT-SNOW-CID-373,ACC-CID-373-SNOW,CID-373,Receivable,Active,2020-01-01,,0.0,USD,Accounts Receivable for Customer CID-373 - Snow Channel,SampleGen
ACCT-SNOW-CID-374,ACC-CID-374-SNOW,CID-374,Receivable,Active,2020-01-01,,0.0,USD,Accounts Receivable for Customer CID-374 - Snow Channel,SampleGen
ACCT-SNOW-CID-375,ACC-CID-375-SNOW,CID-375,Receivable,Active,2020-01-01,,0.0,USD,Accounts Receivable for Customer CID-375 - Snow Channel,SampleGen
ACCT-SNOW-CID-376,ACC-CID-376-SNOW,CID-376,Receivable,Active,2020-01-01,,0.0,USD,Accounts Receivable for Customer CID-376 - Snow Channel,SampleGen
ACCT-SNOW-CID-377,ACC-CID-377-SNOW,CID-377,Receivable,Active,2020-01-01,,0.0,USD,Accounts Receivable for Customer CID-377 - Snow Channel,SampleGen
ACCT-SNOW-CID-378,ACC-CID-378-SNOW,CID-378,Receivable,Active,2020-01-01,,0.0,USD,Accounts Receivable for Customer CID-378 - Snow Channel,SampleGen
ACCT-SNOW-CID-379,ACC-CID-379-SNOW,CID-379,Receivable,Active,2020-01-01,,0.0,USD,Accounts Receivable for Customer CID-379 - Snow Channel,SampleGen
ACCT-SNOW-CID-380,ACC-CID-380-SNOW,CID-380,Receivable,Active,2020-01-01,,0.0,USD,Accounts Receivable for Customer CID-380 - Snow Channel,SampleGen
ACCT-SNOW-CID-381,ACC-CID-381-SNOW,CID-381,Receivable,Active,2020-01-01,,0.0,USD,Accounts Receivable for Customer CID-381 - Snow Channel,SampleGen
ACCT-SNOW-CID-382,ACC-CID-382-SNOW,CID-382,Receivable,Active,2020-01-01,,0.0,USD,Accounts Receivable for Customer CID-382 - Snow Channel,SampleGen
ACCT-SNOW-CID-383,ACC-CID-383-SNOW,CID-383,Receivable,Active,2020-01-01,,0.0,USD,Accounts Receivable for Customer CID-383 - Snow Channel,SampleGen
ACCT-SNOW-CID-384,ACC-CID-384-SNOW,CID-384,Receivable,Active,2020-01-01,,0.0,USD,Accounts Receivable for Customer CID-384 - Snow Channel,SampleGen
ACCT-SNOW-CID-385,ACC-CID-385-SNOW,CID-385,Receivable,Active,2020-01-01,,0.0,USD,Accounts Receivable for Customer CID-385 - Snow Channel,SampleGen
ACCT-SNOW-CID-386,ACC-CID-386-SNOW,CID-386,Receivable,Active,2020-01-01,,0.0,USD,Accounts Receivable for Customer CID-386 - Snow Channel,SampleGen
ACCT-SNOW-CID-387,ACC-CID-387-SNOW,CID-387,Receivable,Active,2020-01-01,,0.0,USD,Accounts Receivable for Customer CID-387 - Snow Channel,SampleGen
ACCT-SNOW-CID-388,ACC-CID-388-SNOW,CID-388,Receivable,Active,2020-01-01,,0.0,USD,Accounts Receivable for Customer CID-388 - Snow Channel,SampleGen
ACCT-SNOW-CID-389,ACC-CID-389-SNOW,CID-389,Receivable,Active,2020-01-01,,0.0,USD,Accounts Receivable for Customer CID-389 - Snow Channel,SampleGen
ACCT-SNOW-CID-390,ACC-CID-390-SNOW,CID-390,Receivable,Active,2020-01-01,,0.0,USD,Accounts Receivable for Customer CID-390 - Snow Channel,SampleGen
ACCT-SNOW-CID-391,ACC-CID-391-SNOW,CID-391,Receivable,Active,2020-01-01,,0.0,USD,Accounts Receivable for Customer CID-391 - Snow Channel,SampleGen
ACCT-SNOW-CID-392,ACC-CID-392-SNOW,CID-392,Receivable,Active,2020-01-01,,0.0,USD,Accounts Receivable for Customer CID-392 - Snow Channel,SampleGen
ACCT-SNOW-CID-393,ACC-CID-393-SNOW,CID-393,Receivable,Active,2020-01-01,,0.0,USD,Accounts Receivable for Customer CID-393 - Snow Channel,SampleGen
ACCT-SNOW-CID-394,ACC-CID-394-SNOW,CID-394,Receivable,Active,2020-01-01,,0.0,USD,Accounts Receivable for Customer CID-394 - Snow Channel,SampleGen
ACCT-SNOW-CID-395,ACC-CID-395-SNOW,CID-395,Receivable,Active,2020-01-01,,0.0,USD,Accounts Receivable for Customer CID-395 - Snow Channel,SampleGen
ACCT-SNOW-CID-396,ACC-CID-396-SNOW,CID-396,Receivable,Active,2020-01-01,,0.0,USD,Accounts Receivable for Customer CID-396 - Snow Channel,SampleGen
ACCT-SNOW-CID-397,ACC-CID-397-SNOW,CID-397,Receivable,Active,2020-01-01,,0.0,USD,Accounts Receivable for Customer CID-397 - Snow Channel,SampleGen
ACCT-SNOW-CID-398,ACC-CID-398-SNOW,CID-398,Receivable,Active,2020-01-01,,0.0,USD,Accounts Receivable for Customer CID-398 - Snow Channel,SampleGen
ACCT-SNOW-CID-399,ACC-CID-399-SNOW,CID-399,Receivable,Active,2020-01-01,,0.0,USD,Accounts Receivable for Customer CID-399 - Snow Channel,SampleGen
ACCT-SNOW-CID-400,ACC-CID-400-SNOW,CID-400,Receivable,Active,2020-01-01,,0.0,USD,Accounts Receivable for Customer CID-400 - Snow Channel,SampleGen
ACCT-SNOW-CID-401,ACC-CID-401-SNOW,CID-401,Receivable,Active,2020-01-01,,0.0,USD,Accounts Receivable for Customer CID-401 - Snow Channel,SampleGen
ACCT-SNOW-CID-402,ACC-CID-402-SNOW,CID-402,Receivable,Active,2020-01-01,,0.0,USD,Accounts Receivable for Customer CID-402 - Snow Channel,SampleGen
ACCT-SNOW-CID-403,ACC-CID-403-SNOW,CID-403,Receivable,Active,2020-01-01,,0.0,USD,Accounts Receivable for Customer CID-403 - Snow Channel,SampleGen
ACCT-SNOW-CID-404,ACC-CID-404-SNOW,CID-404,Receivable,Active,2020-01-01,,0.0,USD,Accounts Receivable for Customer CID-404 - Snow Channel,SampleGen
ACCT-SNOW-CID-405,ACC-CID-405-SNOW,CID-405,Receivable,Active,2020-01-01,,0.0,USD,Accounts Receivable for Customer CID-405 - Snow Channel,SampleGen
ACCT-SNOW-CID-406,ACC-CID-406-SNOW,CID-406,Receivable,Active,2020-01-01,,0.0,USD,Accounts Receivable for Customer CID-406 - Snow Channel,SampleGen
ACCT-SNOW-CID-407,ACC-CID-407-SNOW,CID-407,Receivable,Active,2020-01-01,,0.0,USD,Accounts Receivable for Customer CID-407 - Snow Channel,SampleGen
ACCT-SNOW-CID-408,ACC-CID-408-SNOW,CID-408,Receivable,Active,2020-01-01,,0.0,USD,Accounts Receivable for Customer CID-408 - Snow Channel,SampleGen
ACCT-SNOW-CID-409,ACC-CID-409-SNOW,CID-409,Receivable,Active,2020-01-01,,0.0,USD,Accounts Receivable for Customer CID-409 - Snow Channel,SampleGen
ACCT-SNOW-CID-410,ACC-CID-410-SNOW,CID-410,Receivable,Active,2020-01-01,,0.0,USD,Accounts Receivable for Customer CID-410 - Snow Channel,SampleGen
ACCT-SNOW-CID-411,ACC-CID-411-SNOW,CID-411,Receivable,Active,2020-01-01,,0.0,USD,Accounts Receivable for Customer CID-411 - Snow Channel,SampleGen
ACCT-SNOW-CID-412,ACC-CID-412-SNOW,CID-412,Receivable,Active,2020-01-01,,0.0,USD,Accounts Receivable for Customer CID-412 - Snow Channel,SampleGen
ACCT-SNOW-CID-413,ACC-CID-413-SNOW,CID-413,Receivable,Active,2020-01-01,,0.0,USD,Accounts Receivable for Customer CID-413 - Snow Channel,SampleGen
ACCT-SNOW-CID-414,ACC-CID-414-SNOW,CID-414,Receivable,Active,2020-01-01,,0.0,USD,Accounts Receivable for Customer CID-414 - Snow Channel,SampleGen
ACCT-SNOW-CID-415,ACC-CID-415-SNOW,CID-415,Receivable,Active,2020-01-01,,0.0,USD,Accounts Receivable for Customer CID-415 - Snow Channel,SampleGen
ACCT-SNOW-CID-416,ACC-CID-416-SNOW,CID-416,Receivable,Active,2020-01-01,,0.0,USD,Accounts Receivable for Customer CID-416 - Snow Channel,SampleGen
ACCT-SNOW-CID-417,ACC-CID-417-SNOW,CID-417,Receivable,Active,2020-01-01,,0.0,USD,Accounts Receivable for Customer CID-417 - Snow Channel,SampleGen
ACCT-SNOW-CID-418,ACC-CID-418-SNOW,CID-418,Receivable,Active,2020-01-01,,0.0,USD,Accounts Receivable for Customer CID-418 - Snow Channel,SampleGen
ACCT-SNOW-CID-419,ACC-CID-419-SNOW,CID-419,Receivable,Active,2020-01-01,,0.0,USD,Accounts Receivable for Customer CID-419 - Snow Channel,SampleGen
ACCT-SNOW-CID-420,ACC-CID-420-SNOW,CID-420,Receivable,Active,2020-01-01,,0.0,USD,Accounts Receivable for Customer CID-420 - Snow Channel,SampleGen
ACCT-SNOW-CID-421,ACC-CID-421-SNOW,CID-421,Receivable,Active,2020-01-01,,0.0,USD,Accounts Receivable for Customer CID-421 - Snow Channel,SampleGen
ACCT-SNOW-CID-422,ACC-CID-422-SNOW,CID-422,Receivable,Active,2020-01-01,,0.0,USD,Accounts Receivable for Customer CID-422 - Snow Channel,SampleGen
ACCT-SNOW-CID-423,ACC-CID-423-SNOW,CID-423,Receivable,Active,2020-01-01,,0.0,USD,Accounts Receivable for Customer CID-423 - Snow Channel,SampleGen
ACCT-SNOW-CID-424,ACC-CID-424-SNOW,CID-424,Receivable,Active,2020-01-01,,0.0,USD,Accounts Receivable for Customer CID-424 - Snow Channel,SampleGen
ACCT-SNOW-CID-425,ACC-CID-425-SNOW,CID-425,Receivable,Active,2020-01-01,,0.0,USD,Accounts Receivable for Customer CID-425 - Snow Channel,SampleGen
ACCT-SNOW-CID-426,ACC-CID-426-SNOW,CID-426,Receivable,Active,2020-01-01,,0.0,USD,Accounts Receivable for Customer CID-426 - Snow Channel,SampleGen
ACCT-SNOW-CID-427,ACC-CID-427-SNOW,CID-427,Receivable,Active,2020-01-01,,0.0,USD,Accounts Receivable for Customer CID-427 - Snow Channel,SampleGen
ACCT-SNOW-CID-428,ACC-CID-428-SNOW,CID-428,Receivable,Active,2020-01-01,,0.0,USD,Accounts Receivable for Customer CID-428 - Snow Channel,SampleGen
ACCT-SNOW-CID-429,ACC-CID-429-SNOW,CID-429,Receivable,Active,2020-01-01,,0.0,USD,Accounts Receivable for Customer CID-429 - Snow Channel,SampleGen
ACCT-SNOW-CID-430,ACC-CID-430-SNOW,CID-430,Receivable,Active,2020-01-01,,0.0,USD,Accounts Receivable for Customer CID-430 - Snow Channel,SampleGen
ACCT-SNOW-CID-431,ACC-CID-431-SNOW,CID-431,Receivable,Active,2020-01-01,,0.0,USD,Accounts Receivable for Customer CID-431 - Snow Channel,SampleGen
ACCT-SNOW-CID-432,ACC-CID-432-SNOW,CID-432,Receivable,Active,2020-01-01,,0.0,USD,Accounts Receivable for Customer CID-432 - Snow Channel,SampleGen
ACCT-SNOW-CID-433,ACC-CID-433-SNOW,CID-433,Receivable,Active,2020-01-01,,0.0,USD,Accounts Receivable for Customer CID-433 - Snow Channel,SampleGen
ACCT-SNOW-CID-434,ACC-CID-434-SNOW,CID-434,Receivable,Active,2020-01-01,,0.0,USD,Accounts Receivable for Customer CID-434 - Snow Channel,SampleGen
ACCT-SNOW-CID-435,ACC-CID-435-SNOW,CID-435,Receivable,Active,2020-01-01,,0.0,USD,Accounts Receivable for Customer CID-435 - Snow Channel,SampleGen
ACCT-SNOW-CID-436,ACC-CID-436-SNOW,CID-436,Receivable,Active,2020-01-01,,0.0,USD,Accounts Receivable for Customer CID-436 - Snow Channel,SampleGen
ACCT-SNOW-CID-437,ACC-CID-437-SNOW,CID-437,Receivable,Active,2020-01-01,,0.0,USD,Accounts Receivable for Customer CID-437 - Snow Channel,SampleGen
ACCT-SNOW-CID-438,ACC-CID-438-SNOW,CID-438,Receivable,Active,2020-01-01,,0.0,USD,Accounts Receivable for Customer CID-438 - Snow Channel,SampleGen
ACCT-SNOW-CID-439,ACC-CID-439-SNOW,CID-439,Receivable,Active,2020-01-01,,0.0,USD,Accounts Receivable for Customer CID-439 - Snow Channel,SampleGen
ACCT-SNOW-CID-440,ACC-CID-440-SNOW,CID-440,Receivable,Active,2020-01-01,,0.0,USD,Accounts Receivable for Customer CID-440 - Snow Channel,SampleGen
ACCT-SNOW-CID-441,ACC-CID-441-SNOW,CID-441,Receivable,Active,2020-01-01,,0.0,USD,Accounts Receivable for Customer CID-441 - Snow Channel,SampleGen
ACCT-SNOW-CID-442,ACC-CID-442-SNOW,CID-442,Receivable,Active,2020-01-01,,0.0,USD,Accounts Receivable for Customer CID-442 - Snow Channel,SampleGen
ACCT-SNOW-CID-443,ACC-CID-443-SNOW,CID-443,Receivable,Active,2020-01-01,,0.0,USD,Accounts Receivable for Customer CID-443 - Snow Channel,SampleGen
ACCT-SNOW-CID-444,ACC-CID-444-SNOW,CID-444,Receivable,Active,2020-01-01,,0.0,USD,Accounts Receivable for Customer CID-444 - Snow Channel,SampleGen
ACCT-SNOW-CID-445,ACC-CID-445-SNOW,CID-445,Receivable,Active,2020-01-01,,0.0,USD,Accounts Receivable for Customer CID-445 - Snow Channel,SampleGen
ACCT-SNOW-CID-446,ACC-CID-446-SNOW,CID-446,Receivable,Active,2020-01-01,,0.0,USD,Accounts Receivable for Customer CID-446 - Snow Channel,SampleGen
ACCT-SNOW-CID-447,ACC-CID-447-SNOW,CID-447,Receivable,Active,2020-01-01,,0.0,USD,Accounts Receivable for Customer CID-447 - Snow Channel,SampleGen
ACCT-SNOW-CID-448,ACC-CID-448-SNOW,CID-448,Receivable,Active,2020-01-01,,0.0,USD,Accounts Receivable for Customer CID-448 - Snow Channel,SampleGen
ACCT-SNOW-CID-449,ACC-CID-449-SNOW,CID-449,Receivable,Active,2020-01-01,,0.0,USD,Accounts Receivable for Customer CID-449 - Snow Channel,SampleGen
ACCT-SNOW-CID-450,ACC-CID-450-SNOW,CID-450,Receivable,Active,2020-01-01,,0.0,USD,Accounts Receivable for Customer CID-450 - Snow Channel,SampleGen
ACCT-SNOW-CID-451,ACC-CID-451-SNOW,CID-451,Receivable,Active,2020-01-01,,0.0,USD,Accounts Receivable for Customer CID-451 - Snow Channel,SampleGen
ACCT-SNOW-CID-452,ACC-CID-452-SNOW,CID-452,Receivable,Active,2020-01-01,,0.0,USD,Accounts Receivable for Customer CID-452 - Snow Channel,SampleGen
ACCT-SNOW-CID-453,ACC-CID-453-SNOW,CID-453,Receivable,Active,2020-01-01,,0.0,USD,Accounts Receivable for Customer CID-453 - Snow Channel,SampleGen
ACCT-SNOW-CID-454,ACC-CID-454-SNOW,CID-454,Receivable,Active,2020-01-01,,0.0,USD,Accounts Receivable for Customer CID-454 - Snow Channel,SampleGen
ACCT-SNOW-CID-455,ACC-CID-455-SNOW,CID-455,Receivable,Active,2020-01-01,,0.0,USD,Accounts Receivable for Customer CID-455 - Snow Channel,SampleGen
ACCT-SNOW-CID-456,ACC-CID-456-SNOW,CID-456,Receivable,Active,2020-01-01,,0.0,USD,Accounts Receivable for Customer CID-456 - Snow Channel,SampleGen
ACCT-SNOW-CID-457,ACC-CID-457-SNOW,CID-457,Receivable,Active,2020-01-01,,0.0,USD,Accounts Receivable for Customer CID-457 - Snow Channel,SampleGen
ACCT-SNOW-CID-458,ACC-CID-458-SNOW,CID-458,Receivable,Active,2020-01-01,,0.0,USD,Accounts Receivable for Customer CID-458 - Snow Channel,SampleGen
ACCT-SNOW-CID-459,ACC-CID-459-SNOW,CID-459,Receivable,Active,2020-01-01,,0.0,USD,Accounts Receivable for Customer CID-459 - Snow Channel,SampleGen
ACCT-SNOW-CID-460,ACC-CID-460-SNOW,CID-460,Receivable,Active,2020-01-01,,0.0,USD,Accounts Receivable for Customer CID-460 - Snow Channel,SampleGen
ACCT-SNOW-CID-461,ACC-CID-461-SNOW,CID-461,Receivable,Active,2020-01-01,,0.0,USD,Accounts Receivable for Customer CID-461 - Snow Channel,SampleGen
ACCT-SNOW-CID-462,ACC-CID-462-SNOW,CID-462,Receivable,Active,2020-01-01,,0.0,USD,Accounts Receivable for Customer CID-462 - Snow Channel,SampleGen
ACCT-SNOW-CID-463,ACC-CID-463-SNOW,CID-463,Receivable,Active,2020-01-01,,0.0,USD,Accounts Receivable for Customer CID-463 - Snow Channel,SampleGen
ACCT-SNOW-CID-464,ACC-CID-464-SNOW,CID-464,Receivable,Active,2020-01-01,,0.0,USD,Accounts Receivable for Customer CID-464 - Snow Channel,SampleGen
ACCT-SNOW-CID-465,ACC-CID-465-SNOW,CID-465,Receivable,Active,2020-01-01,,0.0,USD,Accounts Receivable for Customer CID-465 - Snow Channel,SampleGen
ACCT-SNOW-CID-466,ACC-CID-466-SNOW,CID-466,Receivable,Active,2020-01-01,,0.0,USD,Accounts Receivable for Customer CID-466 - Snow Channel,SampleGen
ACCT-SNOW-CID-467,ACC-CID-467-SNOW,CID-467,Receivable,Active,2020-01-01,,0.0,USD,Accounts Receivable for Customer CID-467 - Snow Channel,SampleGen
ACCT-SNOW-CID-468,ACC-CID-468-SNOW,CID-468,Receivable,Active,2020-01-01,,0.0,USD,Accounts Receivable for Customer CID-468 - Snow Channel,SampleGen
ACCT-SNOW-CID-469,ACC-CID-469-SNOW,CID-469,Receivable,Active,2020-01-01,,0.0,USD,Accounts Receivable for Customer CID-469 - Snow Channel,SampleGen
ACCT-SNOW-CID-470,ACC-CID-470-SNOW,CID-470,Receivable,Active,2020-01-01,,0.0,USD,Accounts Receivable for Customer CID-470 - Snow Channel,SampleGen
ACCT-SNOW-CID-471,ACC-CID-471-SNOW,CID-471,Receivable,Active,2020-01-01,,0.0,USD,Accounts Receivable for Customer CID-471 - Snow Channel,SampleGen
ACCT-SNOW-CID-472,ACC-CID-472-SNOW,CID-472,Receivable,Active,2020-01-01,,0.0,USD,Accounts Receivable for Customer CID-472 - Snow Channel,SampleGen
ACCT-SNOW-CID-473,ACC-CID-473-SNOW,CID-473,Receivable,Active,2020-01-01,,0.0,USD,Accounts Receivable for Customer CID-473 - Snow Channel,SampleGen
ACCT-SNOW-CID-474,ACC-CID-474-SNOW,CID-474,Receivable,Active,2020-01-01,,0.0,USD,Accounts Receivable for Customer CID-474 - Snow Channel,SampleGen
ACCT-SNOW-CID-475,ACC-CID-475-SNOW,CID-475,Receivable,Active,2020-01-01,,0.0,USD,Accounts Receivable for Customer CID-475 - Snow Channel,SampleGen
ACCT-SNOW-CID-476,ACC-CID-476-SNOW,CID-476,Receivable,Active,2020-01-01,,0.0,USD,Accounts Receivable for Customer CID-476 - Snow Channel,SampleGen
ACCT-SNOW-CID-477,ACC-CID-477-SNOW,CID-477,Receivable,Active,2020-01-01,,0.0,USD,Accounts Receivable for Customer CID-477 - Snow Channel,SampleGen
ACCT-SNOW-CID-478,ACC-CID-478-SNOW,CID-478,Receivable,Active,2020-01-01,,0.0,USD,Accounts Receivable for Customer CID-478 - Snow Channel,SampleGen
ACCT-SNOW-CID-479,ACC-CID-479-SNOW,CID-479,Receivable,Active,2020-01-01,,0.0,USD,Accounts Receivable for Customer CID-479 - Snow Channel,SampleGen
ACCT-SNOW-CID-480,ACC-CID-480-SNOW,CID-480,Receivable,Active,2020-01-01,,0.0,USD,Accounts Receivable for Customer CID-480 - Snow Channel,SampleGen
ACCT-SNOW-CID-481,ACC-CID-481-SNOW,CID-481,Receivable,Active,2020-01-01,,0.0,USD,Accounts Receivable for Customer CID-481 - Snow Channel,SampleGen
ACCT-SNOW-CID-482,ACC-CID-482-SNOW,CID-482,Receivable,Active,2020-01-01,,0.0,USD,Accounts Receivable for Customer CID-482 - Snow Channel,SampleGen
ACCT-SNOW-CID-483,ACC-CID-483-SNOW,CID-483,Receivable,Active,2020-01-01,,0.0,USD,Accounts Receivable for Customer CID-483 - Snow Channel,SampleGen
ACCT-SNOW-CID-484,ACC-CID-484-SNOW,CID-484,Receivable,Active,2020-01-01,,0.0,USD,Accounts Receivable for Customer CID-484 - Snow Channel,SampleGen
ACCT-SNOW-CID-485,ACC-CID-485-SNOW,CID-485,Receivable,Active,2020-01-01,,0.0,USD,Accounts Receivable for Customer CID-485 - Snow Channel,SampleGen
ACCT-SNOW-CID-486,ACC-CID-486-SNOW,CID-486,Receivable,Active,2020-01-01,,0.0,USD,Accounts Receivable for Customer CID-486 - Snow Channel,SampleGen
ACCT-SNOW-CID-487,ACC-CID-487-SNOW,CID-487,Receivable,Active,2020-01-01,,0.0,USD,Accounts Receivable for Customer CID-487 - Snow Channel,SampleGen
ACCT-SNOW-CID-488,ACC-CID-488-SNOW,CID-488,Receivable,Active,2020-01-01,,0.0,USD,Accounts Receivable for Customer CID-488 - Snow Channel,SampleGen
ACCT-SNOW-CID-489,ACC-CID-489-SNOW,CID-489,Receivable,Active,2020-01-01,,0.0,USD,Accounts Receivable for Customer CID-489 - Snow Channel,SampleGen
ACCT-SNOW-CID-490,ACC-CID-490-SNOW,CID-490,Receivable,Active,2020-01-01,,0.0,USD,Accounts Receivable for Customer CID-490 - Snow Channel,SampleGen
ACCT-SNOW-CID-491,ACC-CID-491-SNOW,CID-491,Receivable,Active,2020-01-01,,0.0,USD,Accounts Receivable for Customer CID-491 - Snow Channel,SampleGen
ACCT-SNOW-CID-492,ACC-CID-492-SNOW,CID-492,Receivable,Active,2020-01-01,,0.0,USD,Accounts Receivable for Customer CID-492 - Snow Channel,SampleGen
ACCT-SNOW-CID-493,ACC-CID-493-SNOW,CID-493,Receivable,Active,2020-01-01,,0.0,USD,Accounts Receivable for Customer CID-493 - Snow Channel,SampleGen
ACCT-SNOW-CID-494,ACC-CID-494-SNOW,CID-494,Receivable,Active,2020-01-01,,0.0,USD,Accounts Receivable for Customer CID-494 - Snow Channel,SampleGen
ACCT-SNOW-CID-495,ACC-CID-495-SNOW,CID-495,Receivable,Active,2020-01-01,,0.0,USD,Accounts Receivable for Customer CID-495 - Snow Channel,SampleGen
ACCT-SNOW-CID-496,ACC-CID-496-SNOW,CID-496,Receivable,Active,2020-01-01,,0.0,USD,Accounts Receivable for Customer CID-496 - Snow Channel,SampleGen
ACCT-SNOW-CID-497,ACC-CID-497-SNOW,CID-497,Receivable,Active,2020-01-01,,0.0,USD,Accounts Receivable for Customer CID-497 - Snow Channel,SampleGen
ACCT-SNOW-CID-498,ACC-CID-498-SNOW,CID-498,Receivable,Active,2020-01-01,,0.0,USD,Accounts Receivable for Customer CID-498 - Snow Channel,SampleGen
ACCT-SNOW-CID-499,ACC-CID-499-SNOW,CID-499,Receivable,Active,2020-01-01,,0.0,USD,Accounts Receivable for Customer CID-499 - Snow Channel,SampleGen
ACCT-SNOW-CID-500,ACC-CID-500-SNOW,CID-500,Receivable,Active,2020-01-01,,0.0,USD,Accounts Receivable for Customer CID-500 - Snow Channel,SampleGen
ACCT-SNOW-CID-501,ACC-CID-501-SNOW,CID-501,Receivable,Active,2020-01-01,,0.0,USD,Accounts Receivable for Customer CID-501 - Snow Channel,SampleGen
ACCT-SNOW-CID-502,ACC-CID-502-SNOW,CID-502,Receivable,Active,2020-01-01,,0.0,USD,Accounts Receivable for Customer CID-502 - Snow Channel,SampleGen
ACCT-SNOW-CID-503,ACC-CID-503-SNOW,CID-503,Receivable,Active,2020-01-01,,0.0,USD,Accounts Receivable for Customer CID-503 - Snow Channel,SampleGen
ACCT-SNOW-CID-504,ACC-CID-504-SNOW,CID-504,Receivable,Active,2020-01-01,,0.0,USD,Accounts Receivable for Customer CID-504 - Snow Channel,SampleGen
ACCT-SNOW-CID-505,ACC-CID-505-SNOW,CID-505,Receivable,Active,2020-01-01,,0.0,USD,Accounts Receivable for Customer CID-505 - Snow Channel,SampleGen
ACCT-SNOW-CID-506,ACC-CID-506-SNOW,CID-506,Receivable,Active,2020-01-01,,0.0,USD,Accounts Receivable for Customer CID-506 - Snow Channel,SampleGen
ACCT-SNOW-CID-507,ACC-CID-507-SNOW,CID-507,Receivable,Active,2020-01-01,,0.0,USD,Accounts Receivable for Customer CID-507 - Snow Channel,SampleGen
ACCT-SNOW-CID-508,ACC-CID-508-SNOW,CID-508,Receivable,Active,2020-01-01,,0.0,USD,Accounts Receivable for Customer CID-508 - Snow Channel,SampleGen
ACCT-SNOW-CID-509,ACC-CID-509-SNOW,CID-509,Receivable,Active,2020-01-01,,0.0,USD,Accounts Receivable for Customer CID-509 - Snow Channel,SampleGen
ACCT-SNOW-CID-510,ACC-CID-510-SNOW,CID-510,Receivable,Active,2020-01-01,,0.0,USD,Accounts Receivable for Customer CID-510 - Snow Channel,SampleGen
ACCT-SNOW-CID-511,ACC-CID-511-SNOW,CID-511,Receivable,Active,2020-01-01,,0.0,USD,Accounts Receivable for Customer CID-511 - Snow Channel,SampleGen
ACCT-SNOW-CID-512,ACC-CID-512-SNOW,CID-512,Receivable,Active,2020-01-01,,0.0,USD,Accounts Receivable for Customer CID-512 - Snow Channel,SampleGen
ACCT-SNOW-CID-513,ACC-CID-513-SNOW,CID-513,Receivable,Active,2020-01-01,,0.0,USD,Accounts Receivable for Customer CID-513 - Snow Channel,SampleGen
